,Product_Category,Product_Name,Regular_Price,Sale_Price
0,grocery-and-staples,Chakki Atta Aashirvaad 10 Kg,480,450
1,grocery-and-staples,Atta Multi grain Aashirvaad 5 Kg,310,295
2,grocery-and-staples,Whole Wheat Atta Aashirvaad Select 5Kg,300,285
3,grocery-and-staples,Atta sugar release control Aashirvaad 1 kg,64,61
4,grocery-and-staples,Atta Multi grain Aashirvaad 1 kg,62,59
5,grocery-and-staples,Sunflower Oil  Dhara 5 Ltr,675,674
6,grocery-and-staples,Rice Bran Oil PATANJALI 1 Ltr,115,109
7,grocery-and-staples,Sunflower Oil Fortune 1 Ltr,132,124
8,grocery-and-staples,Soya Oil Fortune 1 Ltr,135,124
9,grocery-and-staples,Rice Bran Health Oil Fortune 1 Ltr,130,124
10,grocery-and-staples,Sunflower Oil-1ltr-Sunpure-Home,125,124
11,grocery-and-staples,Oil Tasty Losorb Saffola 1 Ltr,120,114
12,grocery-and-staples,Sunflower Oil Dhara 1 Ltr,130,129
13,grocery-and-staples,Sugar Town 24Crt 1 Kg,60,54
14,grocery-and-staples,Sugar Town 18Crt 1 Kg,52,47
15,grocery-and-staples,Salt Powder Tata 1 Kg,19,18
16,grocery-and-staples,salt Iodized Aashirvaad 1 kg,19,18
17,grocery-and-staples,Salt Powder Lite (Low Sodium) Tata 1 Kg,35,33
18,grocery-and-staples,Rice Dosa Town 1kg,53,48
19,grocery-and-staples,Rice Idly staff Town 1 Kg,54,49
20,grocery-and-staples,Rice Idly Lb 10 Town 1 Kg,60,54
21,grocery-and-staples,Rice Idly Car (Salem Rice) Town 1 Kg,66,59
22,grocery-and-staples,Rice Raw Staff Town 1 Kg,85,77
23,grocery-and-staples,Rice Sona Raw 18 Carat Town 1 Kg,90,81
24,grocery-and-staples,Rice Sona Raw 24 Carat Town 1 Kg,94,85
25,grocery-and-staples,Rice Bullet (Kolam) Town 18 Crt 1 Kg,104,94
26,grocery-and-staples,Rice Sona Raw Unpolished Organic Town 1 Kg,106,95
27,grocery-and-staples,Rice Basmathi 18 Carat Town 1 Kg,186,167
28,grocery-and-staples,Rice Sona Raw 18 Carat Town 5 Kg,419,377
29,grocery-and-staples,Rice Staff Town 25 Kg,1350,1215
30,grocery-and-staples,Unpolished Toor Dal Prasastha 1Kg,140,133
31,grocery-and-staples,Moong dal 24 Mantra organic 1 kg,190,181
32,grocery-and-staples,Toor Dal 24 Carat Town 1 Kg,160,144
33,grocery-and-staples,Moong Dal 24 Carat Town 1 Kg,155,140
34,grocery-and-staples,Gram Dal 24 Carat Town 250 Gms,31,28
35,grocery-and-staples,Moong Dal Staff Town 250 Gms,35,32
36,grocery-and-staples,Masoor Dal 24 Carat Town 250 Gms,39,35
37,grocery-and-staples,Moong Dal 18 Carat Town 250 Gms,40,36
38,grocery-and-staples,Masoor Dal Organic Town 250 Gms,50,45
39,grocery-and-staples,Toor Dal 24 Carat Town 500 Gms,68,61
40,grocery-and-staples,Urad Dal 24 Carat Town 500 Gms,70,63
41,grocery-and-staples,Channa Dal Organic Town 500 Gms,99,89
42,grocery-and-staples,Moosor Dal Bodi Town 250 Gms,156,140
43,grocery-and-staples,Vangi bhath Masala Powder MTR-100gms,46,44
44,grocery-and-staples,Honey patanjali 250 gram,75,71
45,grocery-and-staples,Kashmiri Mirch Powder Catch 100Gms,50,48
46,grocery-and-staples,Chana Masala Powder MDH 100 Gms,62,59
47,grocery-and-staples,Chunky chat Sabzi Masala Powder(Multi Purpose) MDH 100 Gms,50,48
48,grocery-and-staples,Kashmiri Mirch Chilli Powder MDH 100 Gms,56,53
49,grocery-and-staples,Deggi Mirch Chilli Powder MDH 100 Gms,56,53
50,grocery-and-staples,Curry Powder MDH 100 Gms,57,54
51,grocery-and-staples,Chat Chunky Masala MDH 100 Gms,62,59
52,grocery-and-staples,Cumin Powder MDH 100 Grams,67,60
53,grocery-and-staples,Pav Bhaji Masala Powder MDH 100 Gms,64,61
54,grocery-and-staples,Chicken Masala Powder MDH 100 Gms,65,62
55,grocery-and-staples,Kitchen King (Mixed Spices Powder) MDH 100 Gms,66,63
56,grocery-and-staples,Meat Ka Masala Powder (Mutton) MDH 100 Gms,68,65
57,grocery-and-staples,Cumin (Jeera) Powder Everest 100 Gms,51,48
58,grocery-and-staples,Chaat Masala Powder Everest 100 Gms,62,59
59,grocery-and-staples,Dry Ginger Powder Everest 100 Gms,72,59
60,grocery-and-staples,kasuri methi Everest 100 Gms,84,60
61,grocery-and-staples,Meat Masala Powder Everest 100 Gms,72,68
62,grocery-and-staples,Chicken Masala Powder Everest 100 Gms,72,68
63,grocery-and-staples,Garam Masala Powder Everest 100 Gms,78,74
64,grocery-and-staples,Coriander Powder Everest 500 Gms,135,124
65,grocery-and-staples,Turmeric Powder Everest 500 Gms,135,124
66,grocery-and-staples,Tikhalal (Red Chilli Powder) Everest 500 Gms,185,133
67,grocery-and-staples,Sambhar Masala Powder Everest 100 Gms,47,45
68,grocery-and-staples,Chhole Masala Powder Everest 100 Gms,63,60
69,grocery-and-staples,Kitchen King Masala Powder Everest 100 Gms,65,62
70,grocery-and-staples,Pav Bhaji Masala Powder Everest 100 Gms,66,63
71,grocery-and-staples,Amchur Powder Everest Dry mango 100 Gms,70,67
72,grocery-and-staples,Batter Idly and Dosa Paaka 1Kg,75,71
73,grocery-and-staples,Sambar Powder MTR-200 Gms,90,86
74,grocery-and-staples,Rice Tamarind/ Puliagare Paste MTR 200 Gms,90,86
75,grocery-and-staples,Turmeric Powder Sparsh 500 Gms,130,124
76,grocery-and-staples,Chilli Powder Sparsh 500 Gms,130,124
77,grocery-and-staples,Sundrop Oil Heart 1 Ltr,210,209
78,grocery-and-staples,Methi Staff Town 100 Gms,10,9
79,grocery-and-staples,Vermicelli Seviyan MTR 150 Gms,16,15
80,grocery-and-staples,Vermicelli Bambino 150 Gms,16,15
81,grocery-and-staples,Vermicelli Roasted Short Anil 180 Gms,17,16
82,grocery-and-staples,Methi 18 Carat Town 100 Gms,18,16
83,grocery-and-staples,Mustard Oil Town 165ml,65,52
84,grocery-and-staples,Maida Staff Town 500 Gms,20,18
85,grocery-and-staples,Sada Sorshe Town 100 Gms,20,18
86,grocery-and-staples,Methi Organic Town 100Gms,21,19
87,grocery-and-staples,Mustard (Big) Town 100 Gms,23,21
88,grocery-and-staples,Salt Powder 24 Carat Town 1 Kg,23,21
89,grocery-and-staples,Mustard Black Organic Town 100 g,24,22
90,grocery-and-staples,Maida Town 500 Gms,26,23
91,grocery-and-staples,Sugar Bura Town 200 Gms,25,23
92,grocery-and-staples,Mustard Yellow Town 100 Gms,26,23
93,grocery-and-staples,Sugar Diamond White Town 200Gms,26,23
94,grocery-and-staples,Gulabi Gram 18 Carat Town 250 Gms,26,23
95,grocery-and-staples,Sooji Regular Town 500 Gms,26,23
96,grocery-and-staples,Palav Leaves (Bay Leaf) Town 50 Gms,25,23
97,grocery-and-staples,Lemon Salt Town 50 Gms,25,23
98,grocery-and-staples,Corn Flour Town 100 Gms,26,23
99,grocery-and-staples,Tasting Powder Town 50 Gms,25,23
100,grocery-and-staples,Sugar Breakfast Town 200 Gms,25,23
101,grocery-and-staples,Sugar Icing Town 200 Gms,25,23
102,grocery-and-staples,Cooking Soda 100gms,25,23
103,grocery-and-staples,Sprinklers Sendha Namak Catch 50Gms,24,23
104,grocery-and-staples,Gulabi Gram 24 Carat Town 250 Gms,28,25
105,grocery-and-staples,Macaroni Town 200 Gms,28,25
106,grocery-and-staples,Wheat Broken Town 250 Gms,30,27
107,grocery-and-staples,Turmeric Powder Prasastha 100 Gms,28,27
108,grocery-and-staples,Til Ram Town 100 Gms,31,28
109,grocery-and-staples,Fried Gram 18 Carat Town 250 Gms,31,28
110,grocery-and-staples,Coriander Powder Eastern 100Gms,30,29
111,grocery-and-staples,Black Salt Crystal Town 200 g,31,29
112,grocery-and-staples,Sprinklers Dahi Masala Catch 50Gms,30,29
113,grocery-and-staples,Red Chilli Powder (De Stemmed) Prasastha 100 Gms,30,29
114,grocery-and-staples,Gulabi Gram staff Town 250 Gms,33,30
115,grocery-and-staples,Salt Crystal Town 1 Kg (Pack of 2),33,30
116,grocery-and-staples,Turmeric Powder MTR 100 Gms,32,30
117,grocery-and-staples,Jeera Powder Town 50 Gms,33,30
118,grocery-and-staples,Sprinklers Iodized Table Salt Catch 200Gms,32,30
119,grocery-and-staples,Avalakki (Poha) Thick Staff Town 500g,34,31
120,grocery-and-staples,Sabakki (Sabudana) Nylon Town 250 Gms,34,31
121,grocery-and-staples,Sabbakki Special Small (Sabudana small) Town 250 Gms,34,31
122,grocery-and-staples,Flax Seeds Organic Town 100 gm,34,31
123,grocery-and-staples,Marati Moggu Town 25 Gms,34,31
124,grocery-and-staples,Garam Masala Nisarga 100 Gms,40,32
125,grocery-and-staples,Till White Organic Town 100 Gms,36,32
126,grocery-and-staples,Ragi Flour 24 Carat Town 500gms,35,32
127,grocery-and-staples,Karamani 24 Carat Town 250 Gms,36,32
128,grocery-and-staples,Gram Flour 18 Carat Town 250 Gms,35,32
129,grocery-and-staples,Peas White 24 Carat Town 250 Gms,35,32
130,grocery-and-staples,Til White Town 100 Gms,36,32
131,grocery-and-staples,Chilli Powder Eastern 100Gms,35,33
132,grocery-and-staples,Papad Rice Town 100 Gms,43,34
133,grocery-and-staples,Green Moong Staff Town 250 Gms,39,35
134,grocery-and-staples,Sprinklers Black Salt Catch 200Gms,37,35
135,grocery-and-staples,Jaggery Liquid Town 250 Gms,45,36
136,grocery-and-staples,Coriander Powder Town 100 Gms,40,36
137,grocery-and-staples,Karamani White 18 Carat Town 250 Gms,40,36
138,grocery-and-staples,Moong Green 24 Carat Town 250 Gms,40,36
139,grocery-and-staples,Guntur Chilly 24 Carat Town 100 Gms,40,36
140,grocery-and-staples,Vermicelli Town 500 Gms,46,37
141,grocery-and-staples,Groundnut staff Town 250 Gms,41,37
142,grocery-and-staples,Til Nylon Town 100 Gms,41,37
143,grocery-and-staples,Ajwain Seeds (Omam) Town 50 Gms,41,37
144,grocery-and-staples,Vermicelli Rice Sevai MTR 400Gms,40,38
145,grocery-and-staples,Vermicelli Seviyan MTR 400 Gms,40,38
146,grocery-and-staples,Fresh Sprouts Green Moong Town 200 g,48,38
147,grocery-and-staples,Avalakki (Poha) Medium Town 500gms,43,39
148,grocery-and-staples,Avalakki (Poha) Thick Town 500 Gms,43,39
149,grocery-and-staples,Groundnut 18 Carat Town 250gms,44,40
150,grocery-and-staples,Groundnut Nati Town 250 Gms,44,40
151,grocery-and-staples,Jaggery Round Staff Town 500 Gms,46,41
152,grocery-and-staples,Chakki atta Staff Town 1kg,46,41
153,grocery-and-staples,Rajma White Town 250 Gms,45,41
154,grocery-and-staples,Moong Chilka Town 250 Gms,45,41
155,grocery-and-staples,Groundnut 24 Carat Town 250 Gms,45,41
156,grocery-and-staples,Chutney Powder Groundnut Town 100 Gms,52,42
157,grocery-and-staples,Vermicelli Roasted Anil 450 Gms,45,43
158,grocery-and-staples,Gram Flour Organic Town 250 Gms,48,43
159,grocery-and-staples,Moong Dal 24 Carat Town 250 Gms,48,43
160,grocery-and-staples,Black Salt Powder Town 200 Gms,45,43
161,grocery-and-staples,Ginger Garlic Paste Homemade Dabur 200Gms,46,44
162,grocery-and-staples,Peanut 65 Town 100 Gms,50,45
163,grocery-and-staples,Grapes Dry 18 Carat Town 100 Gms,50,45
164,grocery-and-staples,Pepper Staff Town 50 Gms,50,45
165,grocery-and-staples,Pasta Spiral Town-500 gms,50,45
166,grocery-and-staples,Potato Papad Round Wavy Town 200gms,50,45
167,grocery-and-staples,Moong Chilka Organic Town 250 Gms,50,45
168,grocery-and-staples,Moong Green Organic Town 250 Gms,50,45
169,grocery-and-staples,Kalo Jeere Town 100 Gms,50,45
170,grocery-and-staples,Masoor Malka Whole Organic Town 250 Gms,50,45
171,grocery-and-staples,Rasam Powder MTR 100 Gms,48,46
172,grocery-and-staples,Kabuli Channa 24 Carat Town 250gms,51,46
173,grocery-and-staples,Avalakki White Pesticides Free Town 500 Gms,52,47
174,grocery-and-staples,Green Peas Organic Town 500 Gms,53,48
175,grocery-and-staples,Chakki Atta 18 Carat Town 1 Kg,53,48
176,grocery-and-staples,Grapes Dry 24carat Town 100 gms,54,49
177,grocery-and-staples,Chakki Atta 24 Carat Town 1 Kg,55,50
178,grocery-and-staples,Horse Gram 24 Carat Town 500 Gms,56,50
179,grocery-and-staples,Jeera Black Town 100 Gms,55,50
180,grocery-and-staples,Rajma Red 18 Carat Town 250 Gms,55,50
181,grocery-and-staples,Nutmeg (Jakai) Town 25 Gms,55,50
182,grocery-and-staples,Vangibath Powder 100gms-Town,65,52
183,grocery-and-staples,Jaggery Round 18 Carat Town 500 Gms,58,52
184,grocery-and-staples,Rajma Red 24 Carat Town 250 Gms,58,52
185,grocery-and-staples,Jeera 24 Carat Town 100 Gms,58,52
186,grocery-and-staples,Koora Kaaram (Curry Chilli) Powder Prasastha 200 Gms,55,52
187,grocery-and-staples,Chicken Masala Powder Aachi 100 Gms,55,52
188,grocery-and-staples,Grapes Dry Premium Town 100 gms,60,54
189,grocery-and-staples,Black Til Town 100 Gms,61,55
190,grocery-and-staples,Papad Urad Plain Lijjat 200Gms,60,57
191,grocery-and-staples,Sambar Powder Organic Avadata 100Gms,60,57
192,grocery-and-staples,Soya Flour Town 250 Gms,60,57
193,grocery-and-staples,Tomato Vermicelli Desi Mealz 70Gms,60,57
194,grocery-and-staples,Sweet Corn ( Cream Style) Morton 400 g,60,57
195,grocery-and-staples,Ragi Flour 24 CaratTown 1Kg,64,58
196,grocery-and-staples,Urad Black Whole Organic Town 250 Gms,64,58
197,grocery-and-staples,Chilly Kashmiri Town 100 Gms,64,58
198,grocery-and-staples,Cinnamon (Chakke) 18 Carat Town 50 Gms,64,58
199,grocery-and-staples,Chutney Powder Groundnut Garlic Town 100G,74,59
200,grocery-and-staples,Jaggery Round 24 Carat Town 500 Gms,66,59
201,grocery-and-staples,Wheat 24 Carat Town 1 Kg,66,59
202,grocery-and-staples,Avare Bele Organic Town 250 Gms,65,59
203,grocery-and-staples,Coriander Seeds 24 Carat Town 250 Gms,66,59
204,grocery-and-staples,Cumin Seeds Organic Town 100 g,65,59
205,grocery-and-staples,Sprinklers Chat Masala Catch 100Gms,62,59
206,grocery-and-staples,Chana Masala Catch 100Gms,62,59
207,grocery-and-staples,Rasam Powder Tamilnadu Style Town 100 Gms,78,62
208,grocery-and-staples,Chiroti Sooji Town 1 Kg,69,62
209,grocery-and-staples,Ragi 24 Carat Town 1 Kg,69,62
210,grocery-and-staples,Avare Kalu 18 Carat Town 250 Gms,71,64
211,grocery-and-staples,Jaggery Powder Pesticides Free Town 500 Gms,71,64
212,grocery-and-staples,Avare Bele 18 Carat Town 250 Gms,71,64
213,grocery-and-staples,Millet Proso Flour Organic Pristine 500Gms,72,65
214,grocery-and-staples,Papad Urad 3 inches Town 250 Gms,73,66
215,grocery-and-staples,Papad Urad 4 inches Town 250 Gms,73,66
216,grocery-and-staples,Rasam Powder Organic Avadata 100Gms,70,67
217,grocery-and-staples,Urad Gola Whole 24 Carat Town 500 Gms,74,67
218,grocery-and-staples,Avare Kalu 24 Carat Town 250 Gms,74,67
219,grocery-and-staples,Ragi Flour Organic Town 500 Gms,74,67
220,grocery-and-staples,Urad Black Chilka Town 500 Gms,74,67
221,grocery-and-staples,Meat Masala Catch 100Gms,70,67
222,grocery-and-staples,Avare Bele 24 Carat Town 250 Gms,75,68
223,grocery-and-staples,Millet Kodo Unpolished (Harka -Varagu) Town 500Gms,75,68
224,grocery-and-staples,Pearl millet (Sajje) Town 1 Kg,75,68
225,grocery-and-staples,Tandoori Chicken Masala Powder Everest 100 Gms,72,68
226,grocery-and-staples,Chicken Masala Catch 100Gms,72,68
227,grocery-and-staples,Pickle Tomato Town 300 Gms,86,69
228,grocery-and-staples,Kashmiri Rajma Town 500 Gms,78,70
229,grocery-and-staples,Cloves 18 Carat Town 50 Gms,78,70
230,grocery-and-staples,Millet Kodo (Harka -Varagu) Town 500Gms,78,70
231,grocery-and-staples,Millet Barnyard (Odalu -Kudiraivali Rice) Town 500Gms,78,70
232,grocery-and-staples,Garam Masala Catch 100Gms,74,70
233,grocery-and-staples,Garam Masala MDH 100 Gms,74,70
234,grocery-and-staples,Avalakki (Poha) Medium Town 1 kg,79,71
235,grocery-and-staples,Cloves 24 Carat Town 50 Gms,80,72
236,grocery-and-staples,Sapota Medium Town 1 Kg- 048,99,75
237,grocery-and-staples,Toor Dal Organic Town 500 Gms,84,76
238,grocery-and-staples,Amchur Powder MDH 100 Gms,80,76
239,grocery-and-staples,Deepam Lamp Oil Vaamaa 500ml,80,76
240,grocery-and-staples,Garam Masala Organic Avadata 50Gms,80,76
241,grocery-and-staples,Fish Curry Mix Organic Avadata 100Gms,80,76
242,grocery-and-staples,White Pepper Whole Organic Avadata 50Gms,80,76
243,grocery-and-staples,Wheat Puffed Town 250 Gms,85,77
244,grocery-and-staples,Ragi  Organic Town 1 Kg,86,77
245,grocery-and-staples,Kasoori Methi MDH 100 Gms,84,80
246,grocery-and-staples,Jaggery kolhapur Town 1 kg,90,81
247,grocery-and-staples,Papad Masala Medium Town 200 Gms,90,81
248,grocery-and-staples,Meat Masala Town 100 Gms,103,82
249,grocery-and-staples,Channa Masala Town 100 Gms,103,82
250,grocery-and-staples,Grapes Dry Black Town 100 Gms,91,82
251,grocery-and-staples,Wheat Organic Town 1 Kg,91,82
252,grocery-and-staples,Pepper Powder White Pure Town 50 Gms,93,84
253,grocery-and-staples,Chilly Byadgi Staff Town 250g,94,85
254,grocery-and-staples,Guntur Chilly 24 Carat Town 250 Gms,94,85
255,grocery-and-staples,Mace (Japathari) Town 25 Gms,94,85
256,grocery-and-staples,Rice Red Boiled Town 1 Kg,94,85
257,grocery-and-staples,Chat  Masala Town 100 Gms,108,86
258,grocery-and-staples,Wheat Broken Town 1 Kg,95,86
259,grocery-and-staples,Jaggery natural Miltop 875Gms,95,86
260,grocery-and-staples,Sugar Breakfast Trust 1 kg,90,86
261,grocery-and-staples,Dates Dry Town 200 Gms,95,86
262,grocery-and-staples,Motor Dal Town 250 Gms,96,86
263,grocery-and-staples,Jaggery Square Town 500 Gms,95,86
264,grocery-and-staples,Mankut Chilly Town 250 Gms,95,86
265,grocery-and-staples,Rice Boiled Meals Town 1 Kg,95,86
266,grocery-and-staples,Badam Powder Town 200 Gms,110,88
267,grocery-and-staples,Rice Boiled Meals Kerala Town 1kg,98,88
268,grocery-and-staples,Rice Red Raw Town 1 Kg,98,88
269,grocery-and-staples,Rice Ponny Raw Town 1 Kg,100,90
270,grocery-and-staples,Beans White Town 500 Gms,101,91
271,grocery-and-staples,Moong daal Organic Town 500 Gms,103,93
272,grocery-and-staples,Papad Masala Big Town 250 Gms,103,93
273,grocery-and-staples,Black Pepper Powder (Pure) Town 50 Gms,103,93
274,grocery-and-staples,Bisibelebath Powder Organic Avadata 100Gms,100,95
275,grocery-and-staples,Chutney Powder Organic Avadata 100Gms,100,95
276,grocery-and-staples,Puliogare Gojju Organic Avadata 200Gms,100,95
277,grocery-and-staples,Gram Dal 24 Carat Town 1 Kg,108,97
278,grocery-and-staples,Pepper Powder White Organic Town 50 g,108,97
279,grocery-and-staples,Urad Whole White (Gola) Organic Town 500 Gms,108,97
280,grocery-and-staples,Urad Black Split (Chilka) Organic Town 500 Gms,108,97
281,grocery-and-staples,Sambhar Powder Town 250 Gms,124,99
282,grocery-and-staples,Garam Masala Town 100 Gms,124,99
283,grocery-and-staples,Rice Red Jolaga Organic Town 1 Kg,110,99
284,grocery-and-staples,Pepper 18 Carat Town 100 Gms,111,100
285,grocery-and-staples,Rice Bullet ( Colum ) Town 24 Crt 1 Kg,111,100
286,grocery-and-staples,Urad Dal Organic Town 500 Gms,111,100
287,grocery-and-staples,Rice Ponny Boiled Town 1 Kg,111,100
288,grocery-and-staples,Rice Red (Kari Jidda) Organic Town 1 Kg,111,100
289,grocery-and-staples,Rice Unpolished Rajmudi Organic Town 1 Kg,111,100
290,grocery-and-staples,Besan Flour Bombay Town 500 Gms,114,103
291,grocery-and-staples,Pepper 24 Carat Town 100 Gms,118,106
292,grocery-and-staples,Radhuni Town 100 Gms,119,107
293,grocery-and-staples,Dry Double Beans white Town 250g,119,107
294,grocery-and-staples,Byadgi Chilly  18 Carat Town 250 Gms,121,109
295,grocery-and-staples,Coriander Seeds 18 Carat Town 500 Gms,121,109
296,grocery-and-staples,Wheat (Jave Godhi-Barley) Town 500 Gms,121,109
297,grocery-and-staples,Kashmiri Rajma Town 1 Kg,123,111
298,grocery-and-staples,Sugar Town Organic 1 Kg,124,112
299,grocery-and-staples,Chicken Pepper Fry Organic Avadata 100Gms,120,114
300,grocery-and-staples,Drumstick Tea Future Organics 40 gms,120,114
301,grocery-and-staples,Fried Gram 18 Carat Town 1 Kg,128,115
302,grocery-and-staples,Rice Sona Masuri (Polish) Organic Town 1 Kg,128,115
303,grocery-and-staples,Sugar Free Gold ( 100 Sachets ) 100 g,125,119
304,grocery-and-staples,Liquid Jaggery Future Organics 280Gms,125,119
305,grocery-and-staples,Chintaku Podi (Tamarind Leaves Podi) Future Organics 100Gms,125,119
306,grocery-and-staples,Palm Sugar Future Organics 100 gms,125,119
307,grocery-and-staples,Curry Leaf Powder Future Organics 100 gms,125,119
308,grocery-and-staples,Nallanuvula Usiri Pudina Karam Future Organics 100 gms,125,119
309,grocery-and-staples,Rice Jeera Samba Town 1 Kg,134,121
310,grocery-and-staples,Avare Bele 18 Carat Town  500 Gms,136,122
311,grocery-and-staples,Jeera Shah Town 100 Gms,136,122
312,grocery-and-staples,Gobindo Bhog Town 1kg,141,127
313,grocery-and-staples,Green Moong 1kg-24 Crt,145,131
314,grocery-and-staples,Papaya Dry Town 100Gms,166,133
315,grocery-and-staples,Millet Barnyard Pesticides Free Town 1 Kg,148,133
316,grocery-and-staples,Moong Dal 18 Carat Town 1 Kg,148,133
317,grocery-and-staples,Coriander Powder Sparsh 500 Gms,140,133
318,grocery-and-staples,Sambar Powder Sparsh 500 Gms,140,133
319,grocery-and-staples,Sundrop Nutrilite Oil 1 Ltr,135,134
320,grocery-and-staples,Millet Foxtail Upma Rava Organic Town 1 Kg,149,134
321,grocery-and-staples,Gingelly Oil Town 1 Ltr (Deepam Purpose),152,136
322,grocery-and-staples,Cashewnut 2pc 18 Carat Town 100gms,151,136
323,grocery-and-staples,Pineapple Small Dry Town 100Gms,171,137
324,grocery-and-staples,Prunes Town 100 g,171,137
325,grocery-and-staples,Dried Kiwi Slices Town 100 g,145,138
326,grocery-and-staples,Black Currant Dry Town 100 g,145,138
327,grocery-and-staples,Dhania Powder MDH 500 Gms,145,138
328,grocery-and-staples,Lal Mirch Powder (Red Chilli Powder) MDH 500 Gms,145,138
329,grocery-and-staples,Coriander Powder MTR 500 Gms,145,138
330,grocery-and-staples,Haldi Powder (Turmeric Powder) MDH 500 Gms,145,138
331,grocery-and-staples,Badam Seeds 18 Carat Town 100 Gms,154,139
332,grocery-and-staples,Sunflower Oil Gemini 1 Ltr,140,139
333,grocery-and-staples,Rice Diana (Diabetic) Organic Town 1 Kg,155,140
334,grocery-and-staples,Ghee GRB 200 Ml Jar,142,141
335,grocery-and-staples,Coco Powder Town 100 Gms,148,141
336,grocery-and-staples,Ayush Premium Gulkanda Future Organics 125gms,150,143
337,grocery-and-staples,Stevia Powder Future Organics 100 gms,150,143
338,grocery-and-staples,Black Pepper Powder Everest 100 Gms,150,143
339,grocery-and-staples,Black Pepper Powder MDH 100 Gms,150,143
340,grocery-and-staples,Himalayan Pink Salt Future Organics 500 gms,150,143
341,grocery-and-staples,Badam Seeds 24 Carat Town 100gms,160,144
342,grocery-and-staples,Cashewnut 2pc 24 Carat Town 100 Gms,160,144
343,grocery-and-staples,Poppy Seeds 24 Carat Town 100 Gms,160,144
344,grocery-and-staples,Dates Seedless Lion 500 Gms,154,146
345,grocery-and-staples,Millet Foxtail Idly Rava Organic Town 1 Kg,154,146
346,grocery-and-staples,Millet Kodo (Harka) Organic Town 1 Kg,164,148
347,grocery-and-staples,Motor Dal Bodi Town 250 Gms,165,149
348,grocery-and-staples,Millet Proso (Baragu) Organic Town 1 Kg,168,151
349,grocery-and-staples,Safflola  Gold Losorb  Oil 1 Ltr,158,155
350,grocery-and-staples,Pumpkin Seeds Dry Town Special 100g,164,156
351,grocery-and-staples,Cashew Whole 18 Carat Town 100 Gms,174,157
352,grocery-and-staples,Pineapple Dry Big Town 100Gms,200,160
353,grocery-and-staples,Phool Makhana Town 100 Gms,168,160
354,grocery-and-staples,Millet Brown Top (Korle) Town 500Gms,180,162
355,grocery-and-staples,Sprinklers Black Pepper Catch 100Gms,170,162
356,grocery-and-staples,Cold Pressed Virgin Coconut Oil Loil 210ml,165,164
357,grocery-and-staples,Amla Pickle Future Organics 160gm,175,166
358,grocery-and-staples,Dondakaya Pickle  Future Organics 160gms,175,166
359,grocery-and-staples,Garlic Pearl Pickle Future Organics 160gms,175,166
360,grocery-and-staples,Pickle Sweet Lemon With Chilli and Jaggery Madilu 150Gms,175,166
361,grocery-and-staples,Lemon Pickle Without Oil Future Organics 160gms,175,166
362,grocery-and-staples,Coriander Pickle  Future Organics 160gms,175,166
363,grocery-and-staples,Cashew Whole 24 Carat Town 100gms,184,166
364,grocery-and-staples,Cashew nut Organic Town 100Gms,184,166
365,grocery-and-staples,Tamarind 24 Carat Town 500 Gms,184,166
366,grocery-and-staples,Groundnut Oil Organic Pro Nature 500ml,210,168
367,grocery-and-staples,Cranberry Dry Town 100g,178,169
368,grocery-and-staples,Wheat Sambha Broken Town 1 Kg,191,172
369,grocery-and-staples,Groundnut Oil Filtered Safal 1 Ltr,175,174
370,grocery-and-staples,Cold Pressed Organic Virgin Coconut Oil Loil 200ml,175,174
371,grocery-and-staples,Gourmet Penne Rigate Del Monte 500 Gms,185,176
372,grocery-and-staples,Del Monte Elbow Macroni Pasta 500 Gms,185,176
373,grocery-and-staples,Anjoor (Figs Dried) Town 100 Gms,196,176
374,grocery-and-staples,Amaranth Seeds Town 500 Gms,199,179
375,grocery-and-staples,Cardamom  24 Carat Town 25 Gms,200,180
376,grocery-and-staples,Groundnut Oil Refined Safal 1 Ltr,185,184
377,grocery-and-staples,Gingelly Oil Idhayam 500 Ml (Cooking Purpose),188,187
378,grocery-and-staples,Wheat Grass Powder Organic Town 50Gms,199,189
379,grocery-and-staples,Pepper Tipli Honey Future Organics 100gms,200,190
380,grocery-and-staples,Idly Rava Organic Tattva Town 1 Kg,214,193
381,grocery-and-staples,Millet Little Upma Rava Organic Town 1 Kg,214,193
382,grocery-and-staples,Sundrop Oil Superlite 1 Ltr,195,194
383,grocery-and-staples,Cold Pressed Virgin Sesame Oil Loil 250ml,195,194
384,grocery-and-staples,Rava Idli MTR 1 Kg,205,195
385,grocery-and-staples,Cardamom  18 Carat Town 25 Gms,220,198
386,grocery-and-staples,Ajwain Seeds Powder GZG 100Gms,210,200
387,grocery-and-staples,Coriander Seeds Premium Town 500 Gms,223,201
388,grocery-and-staples,Chia Seeds Town 250 Gms,230,207
389,grocery-and-staples,Pudina Pickle with Olive Oil Future Organics 160gms,225,214
390,grocery-and-staples,Byadgi Chilly  18 Carat Town 500 Gms,239,215
391,grocery-and-staples,Pista Salted Town 100 g,231,219
392,grocery-and-staples,Rice Basmathi 24 Carat Town 1 Kg,251,226
393,grocery-and-staples,Rice Basumathi Brown Organic Town 1 Kg,253,228
394,grocery-and-staples,Spirulina Powder Organic Town 50 Gms,240,228
395,grocery-and-staples,Herbal Jaggery Brahmi Future Organics 100 gms,250,238
396,grocery-and-staples,Herbal Jaggery Shatavari Future Organics 100 gms,250,238
397,grocery-and-staples,Herbal Jaggery Ashwagandha Future Organics 100 gms,250,238
398,grocery-and-staples,Herbal Jaggery Punarnava Future Organics 100 gms,250,238
399,grocery-and-staples,Bella Liquid Jaggery Organic Avadata 700Gms,250,238
400,grocery-and-staples,Ghee Nandini 500 Ml,245,244
401,grocery-and-staples,Sugar Town 18 Crt 5 Kg,275,248
402,grocery-and-staples,Chakki Atta 24 Carat Town 5 kg,280,252
403,grocery-and-staples,Rice Sona Steam Town 5 Kg,295,266
404,grocery-and-staples,Ayush Natural Flax Seed Chia Seeds  peanut Butter Future Organics 160Gms,300,285
405,grocery-and-staples,Cold Pressed Virgin Farm Coconut Oil Future Organics 250ml,300,285
406,grocery-and-staples,Combo Pack (Moong Dal 1kg+Toor Dal Town 1 Kg) 1 Pack,320,288
407,grocery-and-staples,Wheat Grass Powder Madilu 100Gms,325,309
408,grocery-and-staples,Tamarind 1kg-24 Crt,344,310
409,grocery-and-staples,Rice Sona Raw 24 Carat Town 5 Kg,351,316
410,grocery-and-staples,Ghee GRB 500 Ml Pouch,330,329
411,grocery-and-staples,Hibiscus Red Flower Oil Future Organics 100 ml,350,333
412,grocery-and-staples,Jam Lotus Flower Future Organics 350gms,350,333
413,grocery-and-staples,Grapes Dry 18 Carat Town 1 kg,371,334
414,grocery-and-staples,Coconut Oil (KPL)-1 Ltr,370,354
415,grocery-and-staples,Combo Pack (Cashew nut Whole 100g+ Badam Seeds 100g + Dry Grapes 100g) 24crt Town 1 Pack,398,358
416,grocery-and-staples,Gingelly Oil Idhayam 1 Ltr (Cooking Purpose),371,369
417,grocery-and-staples,Saffron Baby Brand 1 Gm,399,379
418,grocery-and-staples,Morning Miracle Health Drink Future Organics 250 gms,400,380
419,grocery-and-staples,Rice Boiled Meals Town 5 Kg,460,414
420,grocery-and-staples,Gir Cow Ghee Future Organics 175ml,450,428
421,grocery-and-staples,Chakki Atta Town 10 kgs bag,480,432
422,grocery-and-staples,Rice Ponny Raw Town 5 Kg,498,448
423,grocery-and-staples,Rice Bullet ( Colum ) Town 18 Crt 5 Kg,498,448
424,grocery-and-staples,Gir Cow Morning Ghee Future Organics 175ml,500,475
425,grocery-and-staples,Native Indian Cow Ghee Future Organics 175ml,500,475
426,grocery-and-staples,Gir Cow Turmeric  Ghee Future Organics 175ml,500,475
427,grocery-and-staples,Gir Cow Turmeric  Ghee Future Organics 175ml,500,475
428,grocery-and-staples,Ghee Nandini 1 Ltr,490,489
429,grocery-and-staples,Olive Oil Pomace Cesar 1Ltr,700,665
430,grocery-and-staples,Olive Oil Extra Virgin Borges 500 ml,750,699
431,grocery-and-staples,Rice Sona Steam Town 25 Kg,1400,1260
432,grocery-and-staples,Rice Sona Raw 18 Carat Town 25 Kg,1650,1485
433,grocery-and-staples,Anjoor (Figs Dried) Town 1 kg,1726,1553
434,grocery-and-staples,Rice Sona Raw 24carat Town 25kg,1800,1620
435,grocery-and-staples,Apricot Dried Town 1 kg,1964,1768
436,grocery-and-staples,Chiroti Sooji Town 250 Gms,11,9
437,grocery-and-staples,Almond hair Oil Dabur 100ml,65,62
438,grocery-and-staples,Rice Flour 24 Carat Town 500 Gms,34,27
439,grocery-and-staples,Salt Crystal Annapurna 1 Kg,16,15
440,grocery-and-staples,Papad Rice Town 200 Gms,85,77
441,grocery-and-staples,Avalakki Red Pesticides Free Town 500 Gms,60,54
442,grocery-and-staples,Puliagare Powder MTR 200 Gms,90,86
443,grocery-and-staples,Rice Bullet ( Kolam ) Town 24 Crt 5 Kg,529,476
444,grocery-and-staples,Byadgi Chilly  24 Carat Town 250 Gms,128,115
445,grocery-and-staples,Cashewnut 4pc Town 100 Gms,139,125
446,grocery-and-staples,Pista 24 Carat Town 50 gms,155,147
447,grocery-and-staples,Pista 18 Carat Town 50 Gms,145,138
448,grocery-and-staples,Maida Organic Town 500 Gms,39,37
449,grocery-and-staples,Dry Lemon Grass Town 25gms,25,23
450,grocery-and-staples,Mustard (Small) 24 Carat Town 100 Gms,23,21
451,grocery-and-staples,Salt Aashirvad Freeflow 1 Kg,18,17
452,grocery-and-staples,Soya Bean Seeds Town 250gms,34,31
453,grocery-and-staples,Gram Flour 24 Carat Town 250 Gms,36,32
454,grocery-and-staples,Fried Gram 24 Carat Town 250 Gms,33,30
455,grocery-and-staples,Toor Dal Staff Town 500 Gms,54,49
456,grocery-and-staples,Urad Dal Staff Town 500 Gms,59,53
457,grocery-and-staples,Besan Flour Bombay Town 250 Gms,56,50
458,grocery-and-staples,Chakki Atta Organic Town 1 Kg,71,64
459,grocery-and-staples,Chilly Guntur staff Town 250 Gms,69,62
460,grocery-and-staples,Ajwain Seeds (Omam) Organic Town 100 Gms,78,70
461,grocery-and-staples,Millet Foxtail ( Navanakki) Town 1 Kg,101,91
462,grocery-and-staples,Millet Foxtail Organic Town 1 Kg,119,107
463,grocery-and-staples,Chilly Gundu Town 250 Gms,174,157
464,grocery-and-staples,Biulir Dal Bodi Town 250 Gms,196,176
465,grocery-and-staples,Dates Dry Town 1 kg,434,391
466,grocery-and-staples,Badam Seeds 18 Carat Town 1 kg,1253,1128
467,vegetables-fruits,3Kg Mango Alphonso Semi Ripe Town,480,360
468,vegetables-fruits,Apple Royal Gala Itally Town 500 Gms,199,149.5
469,vegetables-fruits,Apple Royal Gala New Zealand Town 500 Gms,266,199.5
470,vegetables-fruits,Apple Green Town 500 Gms,233,174.5
471,vegetables-fruits,Pomegranate Medium Town 500 Gms,85,64
472,vegetables-fruits,Potato Medium (Aloogedde Medium) Town 1 Kg,53,40
473,vegetables-fruits,Tomato (Big) Town 1 Kg,20,15
474,vegetables-fruits,Tomato Ripe (Medium) Town 1 Kg,20,15
475,vegetables-fruits,Tomato Nati  Ripe Town 1kg,20,15
476,vegetables-fruits,Broccoli 24 Crt Town 1 pc,125,94
477,vegetables-fruits,Lemon  Medium (Nimbehannu Medium) Town 1 Pc,5,3.95
478,vegetables-fruits,Capsicum Medium (Dappa Menasinakayi) 500 Gms,35,26.5
479,vegetables-fruits,Capsicum Red 24 Crt Town 500 Gms,45,33.5
480,vegetables-fruits,Cauliflower (Hoo Kosu) medium Town 1No,43,32
481,vegetables-fruits,Cabbage Whole(Yele Kosu Whole) Town 1 pc ( 800 gms to 1 Kg),32,24
482,vegetables-fruits,Red Cabbage 24 Crt Town 1 pc (800gm to 1Kg),37,28
483,vegetables-fruits,Tender Coconut Small (Pack Of 4) Town 1 Pack,183,137
484,vegetables-fruits,Kiwi Fruit Town 24 Crt 1 No,39,29
485,vegetables-fruits,Water Melon Small Town 1 pc ( 2.5 kg  to 3 kg),96,72
486,vegetables-fruits,Musk Melon Stripes Town 1pc ( 1 kg to 1.5kg ),75,56.25
487,vegetables-fruits,Ladies Finger Big (Bendekayi) 18 Crt Town 500 Gms,25,18.5
488,vegetables-fruits,Mushroom Town 200 Gms,65,49
489,vegetables-fruits,Dhant Leaves (Dantina Soppu) 24 Crt Town 100 Gms,6,4.5
490,vegetables-fruits,Arave Soppu Town 24 Crt 100 Gms,8,5.7
491,vegetables-fruits,Green Chilly(Hasiru Menasinakayi) Town 100 Gms,9,6.6
492,vegetables-fruits,Mint Leaves (Pudina Bunch) 24 Crt Town 100 Gms,9,6.7
493,vegetables-fruits,Curry Leaves (Karibevu Soppu) Town 100 Gms,9,6.7
494,vegetables-fruits,Chakota Soppu Town 100 Gms,16,12.2
495,vegetables-fruits,Chilakarive Soppu 24 Crt Town 100 Gms,16,12.1
496,vegetables-fruits,Ivy Gourd Big (Tondekayi) 18 Crt Town 500 Gms,9,6.5
497,vegetables-fruits,Betel Leaf Town  10 Nos,20,15
498,vegetables-fruits,Coriander Leaves (Kottambari Soppu) 24 Crt Town 100 Gms,25,19.1
499,vegetables-fruits,Corn Sweet Town 1 No,27,20
500,vegetables-fruits,Bottle Gourd (Sorekayi) Fresh Rush 1pc ( 800 Gms to 1kg ),31,23
501,vegetables-fruits,Coconut Medium (Tenginakayi) Town 1 No,28,21
502,vegetables-fruits,Banana Stem 1no,28,21
503,vegetables-fruits,Mangalore Cucumber Medium (Manglore Soutekayi) Town 1 pc,32,24
504,vegetables-fruits,Spinach (Palaksoppu) 18 Crt Town 1 Bunch,16,12
505,vegetables-fruits,Brinjal Round White (Bili Gundu Badanekayi) Town 500 Gms,19,14
506,vegetables-fruits,Brinjal Round Medium (Gundu Badanekayi) Town 500 Gms,19,14
507,vegetables-fruits,Lettuce (Ice Burg) 24 Crt Town 250 Gms,39,29.5
508,vegetables-fruits,Cucumber Medium (Souteykayi Medium) Town 500 Gms,21,16
509,vegetables-fruits,Snake Gourd (Padavalakayi) Town 500 Gms,22,16.5
510,vegetables-fruits,Fresh Sprouts Assorted Town 200 g,47,35
511,vegetables-fruits,Fresh Sprouts Bengal Gram Town 200 g,47,35
512,vegetables-fruits,Fresh Sprouts Horse Gram Town 200 g,47,35
513,vegetables-fruits,Fresh Sprouts Karaman i(Brown Lobia) Town 200Gms,47,35
514,vegetables-fruits,Coconut Fresh Grated Town 100 g,47,35
515,vegetables-fruits,Orinko Spinach (Palaksoppu) 200Gms,47,35
516,vegetables-fruits,Mango Totapuri (Raw) (Totapuri Mavina Kayi) Town 500 Gms,24,18
517,vegetables-fruits,Pumpkin White(Boodu Kumbalakayi) Whole (Approx 3 Kg to 5 kg)Town 1pc,197,148
518,vegetables-fruits,Bottle Gourd Small (Sorekayi) 24Crt Town 500 Gms,19,14
519,vegetables-fruits,Green Peas Frozen Town 200 Gms,53,40
520,vegetables-fruits,Musk Melon White Town 1 pc,53,40
521,vegetables-fruits,Beetroot Medium Town 500 Gms,27,20
522,vegetables-fruits,Papaya Semi Ripe Town 1 pc ( 800 gms to 1kg),56,42
523,vegetables-fruits,Pineapple Small Town 1 pc,57,43
524,vegetables-fruits,Lady Finger (Bendekayi) 24 Crt Town 500 Gms,33,24.5
525,vegetables-fruits,Cauliflower Florets (Big Pieces) Town 200 Gms,65,49
526,vegetables-fruits,Cluster beans (Gorikai) town 500 Gms,33,25
527,vegetables-fruits,Carrot Nati Medium Town 500 Gms,35,26.5
528,vegetables-fruits,Nool Kol (Gedde Kosu) Town 500 Gms,35,26.5
529,vegetables-fruits,Brinjal Long Green Medium Town 500 Gms,38,28.5
530,vegetables-fruits,Sweet Potato Medium town 500 Gms,40,30
531,vegetables-fruits,Tender Coconut Small (Pack Of 2) Town 1 Pack,92,69
532,vegetables-fruits,Drumstick (Nuggekayi) Town 500 Gms,47,35
533,vegetables-fruits,Ridge Gourd Medium (Heerekayi) Town 500 Gms,47,35
534,vegetables-fruits,Baby Potato Town Special 1 kg,59,44
535,vegetables-fruits,Beans Small Dices Town 400 g,100,75
536,vegetables-fruits,Assorted Vegetables Town 400 g,111,83
537,vegetables-fruits,Yam Cut Piece (Suvarnagedde) Town 500 Gms,57,42.5
538,vegetables-fruits,Green Peas Frozen Town 500 Gms,63,47.5
539,vegetables-fruits,Sambhar Onion 24 Crt Town 500 Gms,64,48
540,vegetables-fruits,Beans (Ring Beans) Town 500 Gms,69,51.5
541,vegetables-fruits,Mango Baiganpalli Semi Ripe Town 500 Gms,71,53
542,vegetables-fruits,Chinese Cabbage 24 Crt Town 500 Gms,74,55.5
543,vegetables-fruits,Zucchini Green Town Special 500 Gms,80,60
544,vegetables-fruits,Zucchini Yellow Town Special 500 Gms,80,60
545,vegetables-fruits,Garlic Peeled (Belluli Peeled) Town 500 Gms,169,126.5
546,vegetables-fruits,Arbi (Kesuvina Gedde) 24 Crt Town 500 Gms,88,66
547,vegetables-fruits,Garlic (Belluli) 500 Gms,91,68
548,vegetables-fruits,Mango Mallika Semi Ripe Town 500 Gms,93,69.5
549,vegetables-fruits,Avocado Butter Fruit Town 500 Gms,100,75
550,vegetables-fruits,Spring Onion (Eerulli Soppu) 24 Crt Town 500 Gms,100,75
551,vegetables-fruits,Mango Alphonso Semi Ripe Town ( 6Nos) 1 Box,220,165
552,vegetables-fruits,Bitter Gourd (Hagalakayi) Baby Town 500 Gms,113,85
553,vegetables-fruits,Baby Corn Peeled Town 500 Gms,121,90.5
554,vegetables-fruits,Pears Green South Africa Town 500 Gms,167,125
555,vegetables-fruits,Grapes Australian Town 500 Gms,333,249.5
556,vegetables-fruits,Amla Medium Town 500 Gms,133,99.5
557,breakfast-dairy,Corn Flakes Chocos Kelloggs 700gms,299,284
558,breakfast-dairy,Corn Flakes Kelloggs 475 Gms,180,171
559,breakfast-dairy,Wheat Flakes Kelloggs 425 Gms,205,195
560,breakfast-dairy,Corn Flakes Special K Kelloggs 435 Gms,210,200
561,breakfast-dairy,Corn Flakes Kelloggs 250 gms,92,87
562,breakfast-dairy,Oats White Quaker 1 Kg,190,181
563,breakfast-dairy,Bread Multigrain Britannia 400 Gms,50,48
564,breakfast-dairy,Butter Amul 500gms,235,223
565,breakfast-dairy,Butter salted Amul 100g,48,46
566,breakfast-dairy,Butter School Pack Amul (10 Units) 10gms,57,54
567,breakfast-dairy,Butter UnSalted Milky Mist 500gms,224,213
568,breakfast-dairy,Butter Salted Milky Mist 500gms,224,213
569,breakfast-dairy,Butter Salted Milky Mist 100gms,58,55
570,breakfast-dairy,Butter Unsalted Nandini 500 Gms,230,219
571,breakfast-dairy,Butter Salted Nandini 500 gms,230,219
572,breakfast-dairy,Jam Mixed Fruit Kissan 500 gms,150,143
573,breakfast-dairy,Jam Mixed Fruit Kissan 200 gms,65,59
574,breakfast-dairy,Shrikhand Elaichi Milky Mist 100Gms,35,33
575,breakfast-dairy,Cheese Slice Amul 200 gms,122,116
576,breakfast-dairy,Curd Set Milky Mist 400 g,60,57
577,breakfast-dairy,Paneer Milky Mist 200 g,92,87
578,breakfast-dairy,Paneer Nandini 200 Gms,85,81
579,breakfast-dairy,Paneer Fresh Town 100 Gms,60,48
580,breakfast-dairy,Paneer Natural ID 200 g,100,95
581,breakfast-dairy,Paneer Classic Block Gowardhan 200Gms,102,97
582,breakfast-dairy,Milk Homogenised Standardised  Gold Amul 1 Ltr,68,65
583,breakfast-dairy,Rava  Dosa Breakfast Mix MTR 500 Gms,110,105
584,breakfast-dairy,Uttappam Breakfast Mix MTR 500 gms,110,105
585,breakfast-dairy,Peanut Butter Crunchy Natural Bagrrys 340Gms,170,162
586,breakfast-dairy,Peanut Butter Crunchy Sundrop 200 Gms,100,95
587,breakfast-dairy,Peanut Butter Creamy Sundrop 924 Gms,285,271
588,breakfast-dairy,Honey Dabur 400 gms,280,266
589,breakfast-dairy,Organic Honey Turn Organic 250gms,135,128
590,breakfast-dairy,Spreads Ghee Meets Blueberry Epigamia 250g,350,333
591,breakfast-dairy,Thulasi Honey Future Organics 350gms,350,333
592,breakfast-dairy,Himalayan Honey Future Organics 350gms,350,333
593,breakfast-dairy,Honey Dabur 600 gms,199,189
594,breakfast-dairy,Cream Fresh Amul 1 Ltr,197,187
595,breakfast-dairy,Amulya Dairy Whitener Amul 500gms,212,201
596,breakfast-dairy,Cheese Spread Plain Amul 200Gms,85,81
597,breakfast-dairy,Curd Gowardhan 200Gms Pouch,12,11
598,breakfast-dairy,Eggs Town (2 in 1) 1 Pack,25,12
599,breakfast-dairy,Bread Bombay Pav Town 250Gms,35,28
600,breakfast-dairy,Coconut Milk Dabur 200 Ml,75,71
601,breakfast-dairy,Bread Sandwich English Town 400 Gms,40,32
602,breakfast-dairy,Eggs Town (4 in 1) 1 Pack,45,33
603,breakfast-dairy,Bread Wheat Town 400 g,44,38
604,breakfast-dairy,Milk Happy Organic Pouch 500ml,40,38
605,breakfast-dairy,Curd Gowardhan 500Gms Pouch,40,38
606,breakfast-dairy,Bread Multigrain Town 400 Gms,50,40
607,breakfast-dairy,Happy Milk Slim Milk Organic 500ml Pouch,43,41
608,breakfast-dairy,Eggs Town  6 in 1,60,42
609,breakfast-dairy,Bread Brown Dailybread 400g,45,43
610,breakfast-dairy,Bread Brown Britannia 400g,45,43
611,breakfast-dairy,Butter Milk Amul 1Ltr,50,48
612,breakfast-dairy,Bread Multigrain Town 400g,50,48
613,breakfast-dairy,Happy Milk Misti Doi Organic Mud Pot 100ml,50,49
614,breakfast-dairy,Eggs Economy Town (6 in 1) 1 Pack,52,52
615,breakfast-dairy,Health Drinks Yakult 325ml (Pack of 5) 1 No,70,57
616,breakfast-dairy,Happy Milk Classic Organic Pouch Curd 500Gms,60,59
617,breakfast-dairy,Bread Kulcha Town 5 No,35,28
618,breakfast-dairy,Milk Toned Taaza Double Amul 1 Ltr,64,61
619,breakfast-dairy,Curd / Dahi Rich n Thick (Cup) Gowardhan 400Gms,65,62
620,breakfast-dairy,Bread Whole Wheat Britannia 400g,45,43
621,breakfast-dairy,Bread Sandwich Dailybread 400g,35,33
622,breakfast-dairy,Bread Whole Wheat Dailybread 400g,40,38
623,breakfast-dairy,Eggs Plus Ayur (6 in 1) 1 Pack,75,71
624,breakfast-dairy,Sandwich Spread Carrot and Cucumber Veeba 250g,75,71
625,breakfast-dairy,Paneer Fresh Town 200 Gms,90,72
626,breakfast-dairy,Eggs Antibiotic Free Town (6 in 1) 1 Pack,85,78
627,breakfast-dairy,Batter Dosa Millet Paaka 1Kg,90,86
628,breakfast-dairy,Milk Happy Organic Pet Bottle 1Ltr,95,90
629,breakfast-dairy,Happy Milk Slim Milk Organic Pet Bottle 1Ltr,99,94
630,breakfast-dairy,Cardamum Honey Morning Sip Madilu 85Gms,99,94
631,breakfast-dairy,Cinnamon Honey Morning Sip Madilu 85Gms,99,94
632,breakfast-dairy,Clove Honey Morning Sip Madilu 85Gms,99,94
633,breakfast-dairy,Mint Honey Morning Sip Madilu 85Gms,99,94
634,breakfast-dairy,Eggs Town (12 in 1) 1Pack,120,99
635,breakfast-dairy,Rice Idli Mix Breakfast MTR 500 Gms,110,105
636,breakfast-dairy,Curd / Dahi Rich n Thick (Curd Bucket) Gowardhan 1 Kg,119,113
637,breakfast-dairy,Eggs Cage Free and Antibiotic Free Keggs (6 in 1) 1 Pack,125,119
638,breakfast-dairy,Milk Maid 400 Gms,125,119
639,breakfast-dairy,Paneer Organic Farm Fresh Happy Milk 200Gm,120,119
640,breakfast-dairy,Butter Unsalted Organic Happy Milk 100Gms,120,119
641,breakfast-dairy,Soya Milk Sofit 1ltr,130,124
642,breakfast-dairy,Butter Salted Organic Happy Milk 100Gms,125,124
643,breakfast-dairy,Cheese Slices (10 Nos) Milky Mist 200Gms,139,132
644,breakfast-dairy,Cheese Mozzarella Milky Mist 200 gms,140,133
645,breakfast-dairy,Eggs Brown Large Keggs (6 in 1) 1 Pack,140,133
646,breakfast-dairy,Bread Milk Town 400 g,44,35
647,breakfast-dairy,Eggs Antibiotic Free Town (12 in 1) 1 Pack,198,138
648,breakfast-dairy,Eggs Free Range Happy Hens (6 in 1) 1 Pack,150,143
649,breakfast-dairy,Tofu Vegetable Health on plants 200Gms,150,143
650,breakfast-dairy,Tofu Coriander Health on plants 200Gms,150,143
651,breakfast-dairy,Paneer Fresh Town 400 Gms,186,149
652,breakfast-dairy,Millet Little Idly Rava Organic Town 1 Kg,200,180
653,breakfast-dairy,DIBL Chocolate Peanut Butter Spread 330Gms,279,265
654,breakfast-dairy,Ayush Natural Cinnamon Sweet  peanut Butter Future Organics 160Gms,300,285
655,breakfast-dairy,Ayush Lotus Jam Future Organics 250gms,300,285
656,breakfast-dairy,Ayush Natural Moringa Honey Peanut Butter  Future Organics 160gms,300,285
657,breakfast-dairy,Ayush Pepper Thippili Jam  Future Organics 250gms,300,285
658,breakfast-dairy,Neem Honey Future Organics 250gms,300,285
659,breakfast-dairy,Muesli Apple Pie The Bread Company 275Gms,325,309
660,breakfast-dairy,Muesli 20 Superfoods Multigrain The Bread Company 300Gms,325,309
661,breakfast-dairy,Cinnamon Honey Future Organics 250gms,350,333
662,breakfast-dairy,Raw Honey Organic Avadata 450Gms,350,333
663,breakfast-dairy,Granola Oats Tropical Fruit Nut and Seeds The Bread Company 300Gms,350,333
664,breakfast-dairy,Honey Ginger Future Organics 350gms,350,333
665,breakfast-dairy,Ashwagandha Honey Future Organics 250gms,350,333
666,breakfast-dairy,Moringa Honey Future Organics 250gms,350,333
667,breakfast-dairy,Jujube Honey Future Organics 350gms,350,333
668,breakfast-dairy,Sheesham Honey Future Organics 350gms,350,333
669,breakfast-dairy,Saffron Honey Future Organics 350gms,400,380
670,breakfast-dairy,Ashwagandha Honey (Milk Based) Future Organics 350gms,400,380
671,breakfast-dairy,Turmeric Honey (Milk Based) Future Organics 350gms,400,380
672,breakfast-dairy,Peanut Butter Crunchy Natural Bagrrys 1Kg,425,404
673,breakfast-dairy,Peanut Butter Creamy Natural Bagrrys 1Kg,425,404
674,breakfast-dairy,Moringa Honey Future Organics 350gms,450,428
675,breakfast-dairy,Special Jamun Honey Future Organics 250gms,450,428
676,breakfast-dairy,Milk Good Life 500ML (20 Nos Box),540,513
677,breakfast-dairy,Honey Weight Watchers Future Organics 350gms,550,523
678,breakfast-dairy,Milk Slim Good Life Nandini 500 Ml,27,27
679,breakfast-dairy,Eggs Loose Suguna Repacked (6 in 1) 1 Pack,62,59
680,breakfast-dairy,Curd Milky Mist 500 gms,40,38
681,beverages,Beverages Horlicks 1 Kg,428,407
682,beverages,Health Drinks Horlicks 500 Gms,229,218
683,beverages,Soft Drink Can Coca Cola 300 Ml,40,38
684,beverages,Soft Drink Thums Up 750ml,40,38
685,beverages,Tonic Water Indian Schweppes 300 Ml,50,48
686,beverages,Energy Drink Red Bull 250 ml,99,94
687,beverages,Kinley Mineral Water 1 Ltr,20,19
688,beverages,Soft Drink Sprite 1.25 ltr,65,62
689,beverages,Tea Powder Red Label 1 kg,453,430
690,beverages,Tea Powder Red Lable 2 Kg,635,603
691,beverages,Tea Powder Red Label 250 g,110,105
692,beverages,Tea Powder Red Label 100 Gms,35,33
693,beverages,Tea Powder Tata Gold 500 Gms,259,246
694,beverages,Tea Powder Taj Mahal 500Gms,305,290
695,beverages,Tea Powder Taj Mahal 250 g,155,147
696,beverages,Tea Powder Taj Mahal 100 Gms,62,52
697,beverages,Taj Mahal Spicy Ginger Tea bags (25bags) 50gms,150,143
698,beverages,Tea Powder Classic Tata Kanan Devan 1Kg,259,246
699,beverages,Tea Powder Natural Care Red Label 250 g,135,128
700,beverages,Green Tea Honey Lemon Good Morning (25 Tea Bags) Wagh Bakri 1No,140,133
701,beverages,Tea Powder-3 Roses-250 gms,145,138
702,beverages,Green Tea Shudh Kahwa (25 Tea Bags) Wagh Bakri 1No,200,190
703,beverages,Tea Powder-3 Roses 500 Gms,300,285
704,beverages,Masala Tea Powder Town 100 Gms,80,64
705,beverages,Coffee Powder Instant Bru Gold 50Gms,145,138
706,beverages,Soft Drink Sprite 750 Ml,40,38
707,beverages,Fruit Drinks Litchi Delight Tropicana 1 Ltr,110,105
708,beverages,Fruit Drinks Pomegranate Tropicana 1 ltr,110,105
709,beverages,Fruit Drinks Cranberry Tropicana 1 ltr,110,105
710,beverages,Fruit Drinks Mixed Fruit 100% Tropicana 1 Ltr,135,128
711,beverages,Fruit Drinks Orange Real 1 Ltr,99,94
712,beverages,Thick Tomato classic Soup Knorr 53gms,55,52
713,beverages,Health Drinks Bournvita 200 Gms,107,102
714,beverages,Fruit Drinks Litchi Real 1 Ltr,99,94
715,beverages,Fruit Drinks Maaza 150 Ml,10,9
716,beverages,Soya Milk Sofit 200ml,30,29
717,beverages,Slice 600 ml,35,33
718,beverages,Fruit Drinks Maaza 600 Ml,40,38
719,beverages,Soft Drink Fanta 750ml,40,38
720,beverages,Soft Drink Can Sprite 300 Ml,40,38
721,beverages,Soft Drink Coke Cola 750ml,40,38
722,beverages,Coffee Filter Decoction Traditional ID Fresh (5 Sachets) 1Box,50,48
723,beverages,Masala Nimbu Pani smoodies 200ml,50,48
724,beverages,Aam Ka Panna Smoodies 200ml,50,48
725,beverages,Milk Drink Strawberry Chocolate Jaggery Again 200ml,50,48
726,beverages,Fruit Drinks Pomegranate Real 1 Ltr,109,104
727,beverages,Milk Drink Almonds Cashews Dates Again 200ml,50,48
728,beverages,Drinking Yoghurt Alphonso Mango Honey Again 200ml,50,48
729,beverages,Drinking Yoghurt Carrot Orange Banana Again 200ml,50,48
730,beverages,Jal Jeera Masala Powder MDH 100 Gms,53,49
731,beverages,Tea Powder 3 Roses 100 gms,58,55
732,beverages,Fruit Drinks Maaza 1.5Ltr,75,71
733,beverages,Pomegranate Paper Boat 250ml (Pack of 3),105,100
734,beverages,Spice Sip Cinnamon 6 Tea Bags 1Box,45,43
735,beverages,Soft Drink Fanta 1.25Ltr,65,62
736,beverages,Sugar Cubes Daurala 500 g,63,60
737,beverages,Soft Drink Sprite 2.25 ltr,95,90
738,beverages,Mighty Mango smoodies 200ml,70,67
739,beverages,Groove With Guava smoodies 200ml,70,67
740,beverages,Coffee Powder Instant Bru Gold Jar 25Gms,73,69
741,beverages,Nimbu Pani Paper Boat 250ml (Pack of 3),75,71
742,beverages,Coffee Powder Instant Nescafe Classic 25 Gms,75,71
743,beverages,Coffee Filter Decoction Traditional ID Fresh 1 No,80,76
744,beverages,Soft Drink Coca Cola 750 ml,45,43
745,beverages,Alphanso Aamras Paper Boat 250ml (Pack of 3),90,86
746,beverages,Fruit Drinks Pineapple Real 1 Ltr,92,87
747,beverages,Coffee Powder Cothas 200Gms,94,89
748,beverages,Energy Drink Monster 350 ml,95,90
749,beverages,Coffee Powder Cothas 100gms,48,46
750,beverages,Soft Drink Coco Cola 750ML,40,38
751,beverages,Soft Drink Fanta 2.25Ltr,95,90
752,beverages,Real Mixed Fruit 1 Ltr,99,94
753,beverages,Fruit Drinks Mango Real 1 Ltr,99,94
754,beverages,Fruit Drinks Guava Minute Maid 1Ltr,99,94
755,beverages,Fruit Drinks Apple Real 1l,100,95
756,beverages,Jhakaas Jamun Smoodies 200ml,100,95
757,beverages,Lachak Litchi Smoodies 200ml,100,95
758,beverages,Fruit Drinks Cranberry Real 1 ltr,109,104
759,beverages,Energy Drink Red Bull 250 ml,115,109
760,beverages,Crush Strawberry Malas 750 ml,145,138
761,beverages,Crush Mango Malas 750 ml,145,138
762,beverages,Crush Pineapple Malas 750 ml,145,138
763,beverages,Crush Orange Malas 750 ml,145,138
764,beverages,Drumstick and Stevia Tea Future Organics 60 gms,150,143
765,beverages,Badam Thandai Paper Boat 250ml (Pack of 3),150,143
766,beverages,Crush Kiwi Malas 750 ml,165,157
767,beverages,Coffee Powder Greenlabel 500 Gms,168,160
768,beverages,Coffee Powder Instant  Nescafe Sunrise 100 Gms,190,181
769,beverages,Tea Powder Tata Agni 1Kg,220,209
770,beverages,Health Drinks Boost 500 Gms,234,222
771,beverages,Health Drinks Royal Chocolate Complan 500 Gms,280,266
772,beverages,Coffee Powder Cafe Chic Maverick and Farmer 250Gms,320,304
773,beverages,Crush Blueberry Malas 750 ml,320,304
774,beverages,Health Drinks Boost Refill 750 Gms,351,330
775,beverages,Coffee Powder Instant  Nescafe Sunrise 200 Gms,350,333
776,beverages,Coffee Powder Parama Maverick and Farmer 250Gms,370,352
777,beverages,Coffee Powder Tall Dark Handsome Maverick and Farmer 250Gms,400,380
778,beverages,Coffee Powder Say Hello to Mallow Maverick and Farmer 250Gms,400,380
779,beverages,Super Sugarcane smoodies 200ml,50,48
780,beverages,Soda Extra Punch Kinley 750 Ml,20,19
781,beverages,Soft Drink Sprite 1.75 ltr,80,76
782,beverages,Bold Berries smoodies 200ml,80,76
783,beverages,Coffee Powder Bru 500 g,368,350
784,beverages,Health Drinks Bournvita 500 Gms,204,194
785,beverages,Tea Bags Green Tea Tetley 60 G (30 Bags),145,138
786,biscuits-snacks-packed-foods,Cookies Choco Nut UNIBIC 75Gms,25,24
787,biscuits-snacks-packed-foods,Choco Fills Dark Fantasy Sunfeast75 gms,30,29
788,biscuits-snacks-packed-foods,Biscuit Hide and Seek Vanilla Black Bourbon Parle 100Gms,30,29
789,biscuits-snacks-packed-foods,Biscuit Hide and Seek Vanilla Black Bourbon Parle 100Gms,30,29
790,biscuits-snacks-packed-foods,Choco Chip Britannia Good Day 100 gms,30,29
791,biscuits-snacks-packed-foods,Cream and Onion American Style Lays 27 gms,10,10
792,biscuits-snacks-packed-foods,Nice Time Britannia 80 gms,10,10
793,biscuits-snacks-packed-foods,Dosa Breakfast Mix MTR 500 Gms,110,105
794,biscuits-snacks-packed-foods,Idli Rava Breakfast Mix MTR 500 Gms,110,105
795,biscuits-snacks-packed-foods,Spread Hazelnut Nutella 160Gms,200,190
796,biscuits-snacks-packed-foods,Peanut Butter Crunchy Sundrop 924 Gms,285,271
797,biscuits-snacks-packed-foods,Badam Powder MTR 1 Kg Jar,395,375
798,biscuits-snacks-packed-foods,Chocolate Double Mint Wrigleys 4.8Gms,10,9
799,biscuits-snacks-packed-foods,Bar One Nestle 28 gms,10,10
800,biscuits-snacks-packed-foods,Biscuit Cashew Cookies Good Day-58 Gms,10,10
801,biscuits-snacks-packed-foods,Biscuit Krack Jack Parle Rs.10 Pack,10,10
802,biscuits-snacks-packed-foods,Sunfeast Moms Magic Fruit and Milk Biscuit 60Gms,10,10
803,biscuits-snacks-packed-foods,Noodles Yippee Classic Sunfeast 70 Gms,12,11
804,biscuits-snacks-packed-foods,Milkybar Nestle (Rs.5 x 4 Nos) 1 Pack,20,19
805,biscuits-snacks-packed-foods,Nice Time Britannia 80 gms (Pack of 2),20,19
806,biscuits-snacks-packed-foods,Parle G 130 gms (Pack of 2),20,19
807,biscuits-snacks-packed-foods,Biscuit Time Pass Britannia 150gms,20,19
808,biscuits-snacks-packed-foods,Noodles  Masala Yippee Magic Sunfeast 70 Gms (Pack of 2),24,23
809,biscuits-snacks-packed-foods,Vermicelli Roasted MTR 150Gms,25,24
810,biscuits-snacks-packed-foods,Vermicelli  Rice Anil 200 Gms,26,25
811,biscuits-snacks-packed-foods,Papad Sabbakki Town 100 Gms,28,25
812,biscuits-snacks-packed-foods,Papad Fryums Bat Town 200 Gms,30,27
813,biscuits-snacks-packed-foods,Papad Fryums Boti Papad Town 200 Gms,30,27
814,biscuits-snacks-packed-foods,Papad Fryums Wheel Town 200 Gms,30,27
815,biscuits-snacks-packed-foods,Chikki Groundnut Town 100g,32,28
816,biscuits-snacks-packed-foods,Biscuit Monaco Parle 200Gms,30,29
817,biscuits-snacks-packed-foods,Cadbury Oreo 120 gms,30,29
818,biscuits-snacks-packed-foods,UNIBIC Choco Chip Cookies 75Gms,30,29
819,biscuits-snacks-packed-foods,Sauce Chilly Town 200 Ml,40,32
820,biscuits-snacks-packed-foods,Parle Milano Choco and Hazelnut Chocolate Chip 60 g,35,33
821,biscuits-snacks-packed-foods,Jim Jam Britannia Treat 150 gms,35,33
822,biscuits-snacks-packed-foods,Soya Chunks Town 250 Gms,38,34
823,biscuits-snacks-packed-foods,Biscuit Cashew Cookies Good Day-200gms,40,38
824,biscuits-snacks-packed-foods,Snack Bar Fruit and Nut Choco UNIBIC 30Gms,40,38
825,biscuits-snacks-packed-foods,Jelly Crystals Strawberry Weikfield 90Gms,45,43
826,biscuits-snacks-packed-foods,Garlic Sev Town 200 gm,50,44
827,biscuits-snacks-packed-foods,Chutney Coconut Spicy Town 150 Gms,55,44
828,biscuits-snacks-packed-foods,Kettle Chips Potato Salted Town 100 Gms,55,44
829,biscuits-snacks-packed-foods,Potato Papad Mini Spiral Town 200gms,50,45
830,biscuits-snacks-packed-foods,Potato Papad Plain Town 200gms,50,45
831,biscuits-snacks-packed-foods,Potato Papad Round Crinckle Town 200gms,50,45
832,biscuits-snacks-packed-foods,Potato Papad Square Crinckle Town 200gms,50,45
833,biscuits-snacks-packed-foods,Congress Groundnut Town 200 gms,50,48
834,biscuits-snacks-packed-foods,Hide and Seek Parle 200 Grams,50,48
835,biscuits-snacks-packed-foods,Kettle Chips Potato Madras Chilly Town 100 Gms,60,48
836,biscuits-snacks-packed-foods,Oma Podi Town 200 gms,60,48
837,biscuits-snacks-packed-foods,Kara Boondi Town 200Gms,50,48
838,biscuits-snacks-packed-foods,Matri Town 200 gms,62,50
839,biscuits-snacks-packed-foods,Masala Poha Desi Mealz 100Gms,55,52
840,biscuits-snacks-packed-foods,Tamarinds Poha Desi Mealz 100Gms,55,52
841,biscuits-snacks-packed-foods,Energy Balls Multigrain Tropical Mango Cashew Zing The Bread Company 40Gms,55,52
842,biscuits-snacks-packed-foods,Maddur Vada Town 200 gms,68,54
843,biscuits-snacks-packed-foods,Crispy Mandakki (Puffed Rice) Town 200Gms,60,54
844,biscuits-snacks-packed-foods,Kodubale Masala Big Town 200g,70,56
845,biscuits-snacks-packed-foods,Sweet Kesari Desi Mealz 100Gms,60,57
846,biscuits-snacks-packed-foods,Yin Yangs Poha Desi Mealz 100Gms,60,57
847,biscuits-snacks-packed-foods,Palak Kara Sev Town 200 gms,72,58
848,biscuits-snacks-packed-foods,Murmura (Spicy Puffed Rice) Town 200 Gms,72,58
849,biscuits-snacks-packed-foods,Noodles Yippee Magic Classic Sunfeast 420 Gms,67,64
850,biscuits-snacks-packed-foods,Biscuit Digestive Whole Wheat McVities 400Gms,68,65
851,biscuits-snacks-packed-foods,Parle G 800 Gms,70,67
852,biscuits-snacks-packed-foods,Bhel with Namkeen Town 200Gms,70,67
853,biscuits-snacks-packed-foods,Spread English Mustard Veeba 300g,74,70
854,biscuits-snacks-packed-foods,Idly and Dosa Batter ID 1 Kg,75,71
855,biscuits-snacks-packed-foods,Gur Batasha Town 200 Gms,85,77
856,biscuits-snacks-packed-foods,Mixture Bombay Special Town 200gms,90,80
857,biscuits-snacks-packed-foods,Bisibele Bath Desi Mealz 70Gms,90,86
858,biscuits-snacks-packed-foods,Tomato Puree Morton 850 g,95,90
859,biscuits-snacks-packed-foods,Dressing White Pasta Veeba 285 Gms,99,94
860,biscuits-snacks-packed-foods,Vegy Fried Rice Desi Mealz 70Gms,100,95
861,biscuits-snacks-packed-foods,Gulab Jamoon Town (6 Pcs),124,99
862,biscuits-snacks-packed-foods,Gulab Jamun Ready Mix 175Gms (Buy 1 Get 1 Free) MTR 1No,110,105
863,biscuits-snacks-packed-foods,Badam Peda Town 150gms,135,108
864,biscuits-snacks-packed-foods,Atta Laddu Town 300g,135,108
865,biscuits-snacks-packed-foods,Garlic Sev Town 500 gms,139,111
866,biscuits-snacks-packed-foods,Chocolate Dark Fantasy Sunfeast 300 gms,120,114
867,biscuits-snacks-packed-foods,Idli Oats Breakfast Mix MTR 500 Gms,120,114
868,biscuits-snacks-packed-foods,Tomato Ketchup Squeasy 1Kg,127,121
869,biscuits-snacks-packed-foods,Pineapple Slices Morton 850 g,130,124
870,biscuits-snacks-packed-foods,Sharbat-E-Azam Dabur 750ml,130,124
871,biscuits-snacks-packed-foods,Kesar Peda Town 150gms,150,143
872,biscuits-snacks-packed-foods,Mango Pulp (Alphanso) Morton 850 g,160,149
873,biscuits-snacks-packed-foods,Halwa Bombay Town 250g,175,166
874,biscuits-snacks-packed-foods,Gongura Pickle Future Organics 160gms,175,166
875,biscuits-snacks-packed-foods,Biscuits 7 Supergrains Digestive The Bread Company 155Gms,175,166
876,biscuits-snacks-packed-foods,Gulab jamun Ready Mix MTR 500 Gms,175,166
877,biscuits-snacks-packed-foods,Drumstick Pickle Future Organics 160gms,175,166
878,biscuits-snacks-packed-foods,Tong Garden Party Snack - Can 180 gm,175,166
879,biscuits-snacks-packed-foods,Peanut Butter With jelly Grape Sundrop 340Gms,180,171
880,biscuits-snacks-packed-foods,Chia Seeds The Bread Company 100Gms,180,171
881,biscuits-snacks-packed-foods,Pumpkin Seeds The Bread Company 100 Gms,180,171
882,biscuits-snacks-packed-foods,Rava Idli ready Mix MTR 1Kg,195,185
883,biscuits-snacks-packed-foods,Spirali Pasta Del Monte 500 Gms,200,190
884,biscuits-snacks-packed-foods,Mixture Bombay Special Town 500gms,239,191
885,biscuits-snacks-packed-foods,Mysore Pak Pure Ghee Town 300gms,249,199
886,biscuits-snacks-packed-foods,Chocolate Dark Morde 500 Gms,210,200
887,biscuits-snacks-packed-foods,Flourless Molten Chocolate Clusters The Bread Company 120Gms,220,209
888,biscuits-snacks-packed-foods,Ginger Herbal Pickle with Olive Oil Future Organics 160gms,225,214
889,biscuits-snacks-packed-foods,Garlic Pearl With Olive Oil Pickle Future Organics 160gms,225,214
890,biscuits-snacks-packed-foods,6-in-1 Seeds Mix The Bread Company 150Gms,240,228
891,biscuits-snacks-packed-foods,Badam Powder MTR 500 g Jar,250,233
892,biscuits-snacks-packed-foods,Kaju Katli (Cashew) Town 200Gms,249,237
893,biscuits-snacks-packed-foods,DIBL Chocolate Spread 330Gms,279,265
894,biscuits-snacks-packed-foods,Essence Vanilla Bush 500ml,296,281
895,biscuits-snacks-packed-foods,DIBL Chocolate Hazelnut Spread 330Gms,299,284
896,biscuits-snacks-packed-foods,Saffron Honey Future Organics 250gms,350,285
897,biscuits-snacks-packed-foods,Sheesham Honey Future Organics 250gms,300,285
898,biscuits-snacks-packed-foods,Thulasi Honey Future Organics 250gms,300,285
899,biscuits-snacks-packed-foods,Turmeric Honey Future Organics 250gms,300,285
900,biscuits-snacks-packed-foods,Honey Weight Watchers Future Organics 250gms,300,285
901,biscuits-snacks-packed-foods,Pasta Fusilli Del Monte  1 KG,325,309
902,biscuits-snacks-packed-foods,Spreads Ghee Meets Banana Caramel Epigamia 250g,350,333
903,biscuits-snacks-packed-foods,Halwa Badam Town 300 Gms,389,370
904,biscuits-snacks-packed-foods,Noodles  Masala Maggi 420 Gms,67,64
905,biscuits-snacks-packed-foods,Magaj Town 100 Gms,40,36
906,biscuits-snacks-packed-foods,Olives Black Pitted Del Monte 450 g,190,181
907,biscuits-snacks-packed-foods,Aloo Tikki Mccain 400 Gms,90,86
908,biscuits-snacks-packed-foods,Nuggets Cheesy Chilly McCain 250Gms,130,124
909,biscuits-snacks-packed-foods,Nuggets Cheesy Chilly McCain 400Gms,200,190
910,biscuits-snacks-packed-foods,French Fries Mccain 750Gms,165,157
911,biscuits-snacks-packed-foods,Veggie Burger Patty Mccain 300 Gms,110,105
912,biscuits-snacks-packed-foods,Smiles Mccain 175Gms,49,47
913,biscuits-snacks-packed-foods,Kettle Potato Chips 65 Masala Town 100gms,50,40
914,biscuits-snacks-packed-foods,Smiles Mccain Aloo Tikki 415Gms,110,105
915,biscuits-snacks-packed-foods,Super Wedges Mccain Aloo Tikki 400 Gms,115,109
916,biscuits-snacks-packed-foods,Veggie Nuggets Mccain Aloo Tikki 325Gms,124,118
917,biscuits-snacks-packed-foods,Potato Cheese Shotz Mccain Aloo Tikki 400 Gms,195,185
918,biscuits-snacks-packed-foods,Britannia Bourbon Biscuits 66 gms,10,10
919,biscuits-snacks-packed-foods,Chips Potato Madras Chilly (Small Size) Town 100 Gms,40,32
920,biscuits-snacks-packed-foods,Honey Patanjali 1 Kg,275,261
921,personal-care,Mask Disposable Three Layer 1 No,25,24
922,personal-care,Mask Respirator Venus V 410 - 1No,400,380
923,personal-care,Hand Sanitizer Altherub 500ml (Pack of 2),500,475
924,personal-care,Soap Alove Vera Neem Future Organics 75Gms,100,95
925,personal-care,Soap Aloe Vera Red Sandal Future Organics 75Gms,100,95
926,personal-care,Soap Alove Vera Thulasi Future Organics 75Gms,100,95
927,personal-care,Neem Powder Madilu 100Gms,100,95
928,personal-care,Shampoo Color Protecting Dove intense repair 180ml,110,105
929,personal-care,Shampoo Hair Fallctrl Pantene 180 Ml,115,109
930,personal-care,Face Wash Morning Energy Clean and Clear 100 ml,135,128
931,personal-care,Shampoo Advance Total Repairing 5 Loreal Paris 192.5 ml,135,128
932,personal-care,Shampoo Cool Mnthl Head and Shoulder 180 Ml,145,138
933,personal-care,Shampoo Smooth & Silky Head and Shoulder 180 Ml,145,138
934,personal-care,Hand Sanitizer Lemon No Rinse 500ml (Pack of 2),500,475
935,personal-care,Hand Sanitizer Mint No Rinse 500ml (Pack of 2),500,475
936,personal-care,Hand Sanitizer Raspberry No Rinse 500ml (Pack of 2),500,475
937,personal-care,Hand Sanitizer Theruptor 500ml (Pack of 2) 1No,500,475
938,personal-care,After Shave Splash Future Organics 100 ml,600,570
939,personal-care,Hand Sanitizer Lemon No Rinse 5 Ltr,2500,2375
940,personal-care,Hand Sanitizer Raspberry No Rinse 5 Ltr,2500,2375
941,personal-care,Face Wash Oil Clear Garnier 50 Gms,90,86
942,personal-care,Soap Lifebuoy Total 125 gms 1 no,25,24
943,personal-care,Sanitary Pads Bella Regular Softi Wings 8 Nos,30,29
944,personal-care,Soap Margo 100 gms 1 no,30,29
945,personal-care,Soap Cool Dettol 75 Gms,30,29
946,personal-care,Soap Original Dettol 75 Gms,30,29
947,personal-care,Sanitary Pads Bella Regular Drai Wings 8 Nos,32,30
948,personal-care,Soap Mysore Sandal 75 gms 1 no,38,36
949,personal-care,Hair Oil  Coconut 100% pure Parachute 100 Ml,39,37
950,personal-care,Tooth Brush Super Flexible Saver Pack Colgate 2 pc,40,38
951,personal-care,Soap Transparent With Glycerine Medimix 125 G,40,38
952,personal-care,Soap Pure and Gentle Pears 100 Gms,40,38
953,personal-care,Tooth Paste Strong Teeth Colgate 100 Gms,50,44
954,personal-care,Tooth Paste Cavity Protection Pepsodent 80 Gms,50,48
955,personal-care,Soap Cool Dettol 120 Gms,50,48
956,personal-care,Soap Hamam 150 gms 1 no,50,48
957,personal-care,Baby Soap Rich Moisture Dove 75 gms,52,49
958,personal-care,Tooth Paste Colgate Cibaca 175 Gms,55,52
959,personal-care,Tooth Brush Zigzag Saver Pack Colgate 2 pc,60,57
960,personal-care,Soap Mysore Sandal 125 gms 1 no,62,59
961,personal-care,Soap Mysore Sandal 150gms 1No,75,71
962,personal-care,Sanitary Pads Whisper Ultra Clean - XL Wings 7,80,76
963,personal-care,Sanitary Pads Whisper Ultra Nights 5 Nos,85,81
964,personal-care,Cold Cream Ponds 49 Gms,85,81
965,personal-care,Amla Hair Oil Dabur 180 ml,88,84
966,personal-care,Babyrub Vicks 25 ML,89,85
967,personal-care,Sanitary Pads Bella Maxi Softi Wings 15 Nos,90,86
968,personal-care,Conditioner Smooth and Shine Tresemme 80 ml,90,86
969,personal-care,Tooth Paste Maxfresh Blue Colgate 150 Gms,92,87
970,personal-care,Sanitary Pads Bella Maxi Drai Wings 15 Nos,93,88
971,personal-care,Tooth Paste Strong Teeth Colgate 200 Gms,95,90
972,personal-care,Tooth Paste Red Dabur 200 g,95,90
973,personal-care,Moisturiser Shea Smooth Nivea 75 ml,95,90
974,personal-care,Tooth Paste Active Salt Colgate 200 Gms,97,92
975,personal-care,Colgate Total Toothpaste 120Gms,97,92
976,personal-care,Soap Alove Vera Lavender Future Organics 75Gms,100,95
977,personal-care,Soap Panchagavya Future Organics 75Gms,100,95
978,personal-care,Soap Saffron Future Organics 75Gms,100,95
979,personal-care,Soap Alove Vera Charcoal Future Organics 75Gms,110,105
980,personal-care,Soap Alove Vera Coffee Future Organics 75Gms,110,105
981,personal-care,Soap Alove Vera Lemongrass Future Organics 75Gms,110,105
982,personal-care,Soap Alove Vera White Lily Future Organics 75Gms,110,105
983,personal-care,Bee Wax Lip Balm Chocolate Madilu 20Gms,110,105
984,personal-care,Bee Wax Lip Balm Lavender Madilu 20Gms,110,105
985,personal-care,Bee Wax Lip Balm Lemon Madilu 20Gms,110,105
986,personal-care,Bee Wax Lip Balm Mango Madilu 20Gms,110,105
987,personal-care,Bee Wax Lip Balm Orange Madilu 20Gms,110,105
988,personal-care,Soap Parijatham Honey with Goat Milk Future Organics 75Gms,110,105
989,personal-care,Bee Wax Lip Balm Peach Madilu 20Gms,110,105
990,personal-care,Bee Wax Lip Balm Rose Madilu 20Gms,110,105
991,personal-care,Soap Alove Vera Sampangi Future Organics 75Gms,110,105
992,personal-care,Soap Almond Honey with Goat Milk Future Organics 100Gms,120,114
993,personal-care,Soap Charcoal Lavender with Goat Milk Future Organics 100Gms,120,114
994,personal-care,Soap Charcoal Tea Tree Future Organics 100Gms,120,114
995,personal-care,Soap Cinnamon Honey with Goat Milk Future Organics 100Gms,120,114
996,personal-care,Soap Lavender Honey with Goat Milk Future Organics 100Gms,120,114
997,personal-care,Soap Lemon Honey with Goat Milk Future Organics 100Gms,120,114
998,personal-care,Soap Moringa Honey with Goat Milk Future Organics 100Gms,120,114
999,personal-care,Soap Neem Honey with Goat Milk Future Organics 100Gms,120,114
1000,personal-care,Soap Saffron with Goat Milk Future Organics 100Gms,120,114
1001,personal-care,Soap Thulasi Honey with Goat Milk Future Organics 100Gms,120,114
1002,personal-care,Soap Turmeric Honey with Goat Milk Future Organics 100Gms,120,114
1003,personal-care,Soap Kalonji Future Organics 100 Gms,120,114
1004,personal-care,Moringa Leaf Powder Madilu 100Gms,125,119
1005,personal-care,Honey Face Pack Cinnamon Future Organics 30gms,125,119
1006,personal-care,Honey Face Pack Tea Tree Future Organics 30gms,125,119
1007,personal-care,Honey Face Pack Almond Future Organics 30gms,125,119
1008,personal-care,Honey Face Pack Turmeric Future  Organics 30gms,125,119
1009,personal-care,Honey Face Pack Turmeric Future Organics 30gms,125,119
1010,personal-care,Honey Face pack Future  Organics 30gms,125,119
1011,personal-care,Honey Face Pack  Tea Tree Future  Organics 30gms,125,119
1012,personal-care,Honey Face Pack Future Cinnamon  Organics 30gms,125,119
1013,personal-care,Instant Fairness Mens Fair and Lovely 50g,130,124
1014,personal-care,Face Wash Morning Energy lemon Clean and Clear 100 Ml,135,128
1015,personal-care,Shampoo 6 Oil Nourish Loreal Paris 192.5 ml,135,128
1016,personal-care,Deo Spray Perfume Doll Magic Eva 125ml,140,133
1017,personal-care,Deo Spray Perfume Morning Blush Eva 125ml,140,133
1018,personal-care,Soap Pure and Gentle Pears 125 Gms Pack of 3,140,139
1019,personal-care,Hand Wash Liquid Refill Aloe Vera Dettol 175 Ml (Buy 3 Save Rs.40) 1 Pack,146,139
1020,personal-care,Alovera Powder Madilu 100Gms,150,143
1021,personal-care,Essential Oil Aysuh Jasmine Future Organics 20Ml,150,143
1022,personal-care,Essential Oil Ayush Aromatherapy Jasmine Future Organics 20ml,150,143
1023,personal-care,Essential Oil Ayush Lemon Grass Future Organics 20Ml,150,143
1024,personal-care,Essential Oil Ayush Lavender Future Organics 20Ml,150,143
1025,personal-care,Essential Oil Ayush Aromatherapy Gulabi Rose Future Organics 20ml,150,143
1026,personal-care,Traditional Hair Wash For Men Future Organics 100 gms,150,143
1027,personal-care,Essential Oil Ayush Gulabi Rose Future Organics 20Ml,150,143
1028,personal-care,Tooth Paste Rapid Relief Sensodyne 80 g,160,152
1029,personal-care,Moov 50 Gms,169,161
1030,personal-care,Talc Dream Flower Ponds 200 Gms,170,162
1031,personal-care,Tooth Paste Fresh Gel Sensodyne 150 g,180,171
1032,personal-care,Conditioner Intense Repair Dove 175ml,190,181
1033,personal-care,Washing Powder Oxi Action Stain Remover Vanish 400 Gms,199,189
1034,personal-care,Amla Hair Oil Dabur 450 ml,199,189
1035,personal-care,Essential Oil Avocado Future Organics 15ml,200,190
1036,personal-care,Essential Oil Aysuh Parijatham Future Organics 20Ml,200,190
1037,personal-care,Essential Oil Turmeric Future Organics 15ml,200,190
1038,personal-care,Hibiscus Hair Wash For Women Future Organics 100 gms,200,190
1039,personal-care,Essential Oil Almond Future Organics 15ml,200,190
1040,personal-care,Strawberry Gel Face Wash Lakme 100 g,205,195
1041,personal-care,Soap Mysore Sandal 150gms (3 in 1) 1Pack,220,209
1042,personal-care,Hair Protine Pack Madilu 100Gms,220,209
1043,personal-care,Spray Moov 80 Gms,220,209
1044,personal-care,Ashwagandha Powder Madilu 100Gms,225,214
1045,personal-care,Premium Henna Hair Treatment Powder Madilu 100Gms,225,214
1046,personal-care,Deo Spray Voyage Park Avenue 150ml,240,228
1047,personal-care,Sanitary Pads Whisper Ultra Clean - XL Soft 30 Nos,244,232
1048,personal-care,Jeera Lehaym (Weight Management Drink) Madilu 160Gms,250,238
1049,personal-care,Deodorant Fragrant Body Deodorizer NIVEA MEN 120ml,250,238
1050,personal-care,Premium Bath Salt Jasmine (For Relaxation) Madilu 180Gms,259,246
1051,personal-care,Alovera Cucumber Gel (Sooths Irritated Skin) Madilu 100Gms,275,261
1052,personal-care,Alovera Papaya Gel (Anti Inflammatory) Madilu 100Gms,275,261
1053,personal-care,Alovera Rose Extract Gel Madilu 100Gms,275,261
1054,personal-care,Alovera Hibiscus Hair Gel Madilu 100Gms,300,285
1055,personal-care,Jujube Honey Future Organics 250gms,300,285
1056,personal-care,Alovera Lime After Shave and Post Waxing Gel Madilu 100Gms,300,285
1057,personal-care,9Herbs Hair Shampoo Future Organics 200 ml,300,285
1058,personal-care,Turmeric Latte Mix Madilu 100Gms,300,285
1059,personal-care,Uttareni Mouth Wash Powder Future Organics 100gms,300,285
1060,personal-care,Essential Oil Tea Tree Future Organics 15ml,300,285
1061,personal-care,Alovera Sandal Gel (Anti Aging) Madilu 100Gms,325,309
1062,personal-care,Aromatheraphy and Tradition Handmade Soaps Future Organics 1 Pack,350,333
1063,personal-care,Natural Exotic Sweetner Future Organics 180Gms 1 Box,350,333
1064,personal-care,Kalonji Hair Oil Future Organics 100gms,350,333
1065,personal-care,Sanitary Pads Whisper Ultra Clean - XL Plus 44 Nos,430,379
1066,personal-care,Diapers Pants Mamy pants standard 46 pants,399,379
1067,personal-care,Capsules Richlife Lauric and Omega 3-6-9 (30 Softgels) Vaamaa 1 No,400,380
1068,personal-care,Sanitary Pads Whisper Ultra Soft - XL 50 Nos,410,390
1069,personal-care,Shampoo Advanced Hairfall Solution Pantene 650 Ml,450,428
1070,personal-care,Diapers Wonder Pants Huggies S 42 pcs,475,451
1071,personal-care,Diapers Wonder Pants Huggies M 38 pcs,499,474
1072,personal-care,Diapers Wonder Pants Huggies L 32 pcs,499,474
1073,personal-care,Shampoo Anti Dandruff Smooth and Silky Head and Shoulder 650 Ml,500,475
1074,personal-care,Bee Pollen Naturally Nutritious Future Organics 100 gms,625,594
1075,personal-care,Diapers Wonder Pants Huggies XL 38 pcs,699,629
1076,personal-care,Diapers Wonder Pants Huggies M 54 pcs,699,629
1077,personal-care,Diapers Pants Mamy Poko Medium 52,699,664
1078,personal-care,Diapers Pants Aloevera Pampers  XL 36Pcs,699,664
1079,personal-care,Diapers Wonder Pants Huggies M 76 pcs,999,899
1080,personal-care,Diapers Baby Pants Himalaya S 80 pcs,1000,900
1081,personal-care,Diapers Wonder Pants Huggies S 86 pcs,1049,944
1082,personal-care,Diapers Pants Pampers S 86 pcs,1049,944
1083,personal-care,Diapers Wonder Pants Huggies L 64 pcs,1049,944
1084,personal-care,Diapers Baby Pants Himalaya  L 76 pcs,1100,990
1085,personal-care,Face Wash White Beauty Ponds 15 gms,25,24
1086,personal-care,Moisturiser Nivea 29 Gms,50,48
1087,personal-care,ear buds 60 nos,38.5,37
1088,personal-care,Sanitary Pads Sofy Extra Long 15 Nos,85,81
1089,personal-care,Antiseptic Liquid Dettol 250 ml,105.6,100
1090,household-items,Toilet Cleaner Fresh and Clean Lime Fresh Domex 500ml,87,83
1091,household-items,Dishwash Liquid Pril 425 Ml,98,93
1092,household-items,Repellant Black HIT 225 ml,99,94
1093,household-items,Toilet Cleaner Power Plus Orange Harpic 1 Ltr,168,160
1094,household-items,Floor Cleaner Pine Lizol 975 ml,179,170
1095,household-items,Washing Powder Surf Excel 1.5 Kg,180,171
1096,household-items,Washing Liquid Matic Ariel 1 Ltr,225,214
1097,household-items,Washing Liquid Matic Surf Excel Front Load 1 ltr,235,223
1098,household-items,Washing Liquid Comfort Fabric Morning Fresh 200 Ml,55,52
1099,household-items,Washing Liquid Comfort Fabric Anti Bacterial 200 Ml,56,53
1100,household-items,Washing Liquid Comfort Fabric Lily Fresh 200 Ml,56,53
1101,household-items,Washing Powder (Top Load) Surf Excel 2 Kg,449,427
1102,household-items,Household and Glass Cleaner Colin 250 ml,58,55
1103,household-items,Liquid Stiffener Revive 200 ml,59,56
1104,household-items,Washing Powder Surf Excel Easy Wash 500g,62,59
1105,household-items,Household and Glass Cleaner Aro 500 Ml,82,78
1106,household-items,Floor Cleaner Floral Lizol 500 ml,89,85
1107,household-items,Household and Glass Cleaner Colin 500 Ml,89,85
1108,household-items,Floor Cleaner Citrus Lizol 500 ml,93,88
1109,household-items,Toilet Cleaner Power Plus Original Harpic 500 ml,103,98
1110,household-items,Washing Liquid Matic Surf Excel Top Load 500 ml,105,100
1111,household-items,Washing Powder (Top Load) Surf Excel 500Gms,112,106
1112,household-items,Washing Liquid Matic Surf Excel Front Load 500 ml,115,109
1113,household-items,Washing Powder Surf Excel Easy Wash 1Kg,124,118
1114,household-items,Washing Powder Quick Wash Surf Excel 1Kg,180,171
1115,household-items,Washing Liquid Matic Surf Excel Top Load 1 ltr,209,199
1116,household-items,Washing Powder (Top Load) Surf Excel 1 Kg,225,214
1117,household-items,Surf-Excel(Front Load)-1kg,250,238
1118,household-items,Floor Cleaner Citrus Lizol 2 ltr,362,344
1119,household-items,Mop with Stick Cotton-Scotch Brite 1 No,375,356
1120,household-items,Washing Powder (Front Load) Surf Excel 2 Kg,530,504
1121,household-items,Washing Bar Active Wheel 120 gms,5,5
1122,household-items,Dishwash Bar Vim 150 Gms,10,9
1123,household-items,Match Box Homelites 1 box,10,9
1124,household-items,Agarbathi (3 in 1) Cycle 19Gms,10,10
1125,household-items,Washing Bar OK Active Wheel 150 gms,10,10
1126,household-items,Agarbathi Anushri Mangaldeep 70s 1 No,20,19
1127,household-items,Dishwash Bar Vim 326 Gms,20,19
1128,household-items,Match Box Homelites (Pack of 2),20,19
1129,household-items,Bleaching Powder Zermisol 250 Gms,20,19
1130,household-items,Instant Sambrani Sugandhi 1 Pack,20,19
1131,household-items,Washing Bar Surf Excel 105 Gms (Pack of 2),20,19
1132,household-items,Dishwash Bar Vim 250 Gms,20,19
1133,household-items,Dishwash Powder Sabena 500 Gms (Pack of 2),24,23
1134,household-items,Hand Wash Lifebuoy 80 Ml,25,24
1135,household-items,Washing Bar Surf Excel 250 Gms,25,24
1136,household-items,Scruber Nylon Town 1 Pc,25,24
1137,household-items,Betel Nut plates Small Town Pack of 5,33,26
1138,household-items,Cloth Duster 1 Pc,30,29
1139,household-items,Cloth Glass 1 Pc,30,29
1140,household-items,Dishwash Bar Pril 350 Gms,34,32
1141,household-items,Brooms Coconut Town 1 No,38,34
1142,household-items,Dishwash Liquid Vim 250 Ml,45,43
1143,household-items,Shoe Polish White Liquid Cherry Blossom 75 ml,45,43
1144,household-items,Dish shine Round Exo 500 Gms,48,46
1145,household-items,Copper and Brass Shine Powder Pitambari 200gms,50,48
1146,household-items,Washing Liquid Blue Robin 150 ml,50,48
1147,household-items,Washing Liquid Cuffs and Collars Robin 200 ml,50,48
1148,household-items,500g Pickle Bottle(Empty) Town 1No,60,48
1149,household-items,Washing Liquid RIN (Ala) 500 Ml,52,49
1150,household-items,Washing Powder Wheel 900 Gms,53,49
1151,household-items,Washing Tide powder jasmine and Rose 500g,53,50
1152,household-items,Salt Rock Powder Himalayan Organic Town 500Gms,64,58
1153,household-items,Garbage Bags Large Plastobag 1 Pack,70,67
1154,household-items,Floor Cleaner Lavenderl Lizol 500 ml,82,78
1155,household-items,Toilet Cleaner Fresh and Clean Ocean Fresh Domex 500ml,87,83
1156,household-items,Phenoil Germisol 1 Ltr,90,86
1157,household-items,Scrub Pad Scotch Brite (3 No) 1Pack,90,86
1158,household-items,Brooms Grass (Bombay Broom) Town 1 Pc,95,90
1159,household-items,Scrub Pad Scotch Brite Stainless Steel (3 No) 1 Pack,105,100
1160,household-items,Washing Powder Vanish 200 Gms,105,100
1161,household-items,Dishwash Liquid Lemon Vim 500 Ml,105,100
1162,household-items,Washing Powder Tide 1 Kg,106,101
1163,household-items,Garbage Bags Extra Large Plastobag 1 Pack,115,109
1164,household-items,Hand Wash Liquid Refill Nature Lifebuoy 185 Ml (Buy 3 Save Rs.40) 1 Pack,134,127
1165,household-items,Floor Cleaner Floral Lizol 2 ltr,385,366
1166,household-items,Agarbathi (3 in 1) Cycle 150 Gms,50,48
1167,household-items,Hand Wash Liquid Original Dettol 900 Ml,149,142
1168,household-items,Floor Cleaner  Citrus Lizol 975 ml,179,170
1169,household-items,Scrubber Scotch Brite 3 Pc,40,38
1170,household-items,Bathroom Cleaner Lemon Harpic 500 ml,168,86
